OrderID,Region,Category,Sub-Category,Sales,Profit,Order Date
ORD1000,Central,Office Supplies,Paper,3520.99,632.97,2024-09-04 11:26:26.793329
ORD1001,South,Furniture,Storage,2726.87,463.01,2024-09-13 11:26:26.793329
ORD1002,East,Technology,Phones,1616.69,91.2,2024-10-02 11:26:26.793329
ORD1003,Central,Furniture,Chairs,4087.6,553.1,2026-03-10 11:26:26.793329
ORD1004,Central,Office Supplies,Paper,3455.18,501.17,2025-12-30 11:26:26.793329
ORD1005,South,Office Supplies,Pens,896.82,134.26,2024-09-16 11:26:26.793329
ORD1006,East,Office Supplies,Paper,4563.54,890.09,2025-06-22 11:26:26.793329
ORD1007,East,Office Supplies,Binders,4130.43,757.52,2024-05-14 11:26:26.793329
ORD1008,Central,Furniture,Chairs,4754.02,960.2,2025-05-25 11:26:26.793329
ORD1009,West,Furniture,Chairs,3656.03,881.91,2025-04-08 11:26:26.793329
ORD1010,Central,Furniture,Storage,3105.73,786.52,2026-02-21 11:26:26.793329
ORD1011,Central,Office Supplies,Paper,2149.39,493.35,2024-11-29 11:26:26.793329
ORD1012,Central,Office Supplies,Paper,4670.37,1349.18,2025-06-28 11:26:26.793329
ORD1013,Central,Office Supplies,Pens,4343.71,236.98,2025-12-16 11:26:26.793329
ORD1014,South,Office Supplies,Pens,321.57,31.82,2025-01-16 11:26:26.793329
ORD1015,East,Technology,Phones,229.2,11.89,2025-07-03 11:26:26.793329
ORD1016,South,Technology,Accessories,1944.67,412.01,2024-11-25 11:26:26.793329
ORD1017,South,Technology,Phones,4071.71,1117.72,2025-09-28 11:26:26.793329
ORD1018,South,Furniture,Storage,4937.65,547.44,2024-11-30 11:26:26.793329
ORD1019,Central,Technology,Computers,837.04,235.84,2025-02-10 11:26:26.793329
ORD1020,West,Technology,Phones,3011.24,195.93,2025-07-24 11:26:26.793329
ORD1021,East,Furniture,Tables,1966.37,557.68,2024-10-15 11:26:26.793329
ORD1022,West,Furniture,Chairs,4852.58,669.2,2025-04-11 11:26:26.793329
ORD1023,South,Technology,Phones,4226.38,318.48,2026-02-23 11:26:26.793329
ORD1024,South,Technology,Computers,4207.81,721.5,2025-11-05 11:26:26.793329
ORD1025,West,Office Supplies,Binders,2396.6,273.68,2025-06-25 11:26:26.793329
ORD1026,West,Furniture,Storage,2132.62,258.51,2025-07-16 11:26:26.793329
ORD1027,West,Technology,Accessories,1439.69,182.59,2025-01-13 11:26:26.793329
ORD1028,South,Furniture,Tables,376.24,94.34,2025-04-26 11:26:26.793329
ORD1029,South,Furniture,Storage,4337.14,801.46,2025-08-27 11:26:26.793329
ORD1030,East,Technology,Accessories,4083.21,521.94,2025-09-22 11:26:26.793329
ORD1031,East,Office Supplies,Binders,4998.62,1012.64,2025-06-02 11:26:26.793329
ORD1032,South,Office Supplies,Paper,4983.52,1141.41,2024-09-12 11:26:26.793329
ORD1033,West,Office Supplies,Paper,2821.62,333.39,2024-10-21 11:26:26.793329
ORD1034,West,Furniture,Storage,3868.04,593.31,2025-12-10 11:26:26.793329
ORD1035,East,Furniture,Tables,4729.35,380.58,2024-08-19 11:26:26.793329
ORD1036,South,Furniture,Chairs,4263.27,406.24,2024-12-12 11:26:26.793329
ORD1037,East,Furniture,Tables,1312.01,289.01,2024-05-23 11:26:26.793329
ORD1038,East,Technology,Computers,2307.67,220.06,2026-01-16 11:26:26.793329
ORD1039,Central,Office Supplies,Binders,732.88,132.86,2025-08-05 11:26:26.793329
ORD1040,Central,Furniture,Tables,4774.85,1085.14,2025-04-15 11:26:26.793329
ORD1041,Central,Technology,Phones,3070.26,235.55,2025-10-19 11:26:26.793329
ORD1042,West,Office Supplies,Binders,1220.35,234.1,2024-07-14 11:26:26.793329
ORD1043,South,Office Supplies,Pens,3391.33,387.09,2026-03-29 11:26:26.793329
ORD1044,South,Office Supplies,Paper,3128.83,909.65,2025-09-10 11:26:26.793329
ORD1045,South,Office Supplies,Pens,1855.0,316.99,2024-08-05 11:26:26.793329
ORD1046,South,Furniture,Storage,656.43,165.09,2025-01-16 11:26:26.793329
ORD1047,Central,Office Supplies,Paper,3390.71,635.95,2024-06-24 11:26:26.793329
ORD1048,West,Furniture,Tables,2649.51,161.23,2024-09-11 11:26:26.793329
ORD1049,West,Technology,Computers,3884.36,809.06,2025-01-04 11:26:26.793329
ORD1050,Central,Office Supplies,Pens,2648.8,762.46,2025-07-04 11:26:26.793329
ORD1051,West,Office Supplies,Paper,4275.69,856.86,2025-09-07 11:26:26.793329
ORD1052,Central,Office Supplies,Binders,2804.34,714.54,2024-08-28 11:26:26.793329
ORD1053,South,Furniture,Chairs,2848.6,772.12,2025-06-21 11:26:26.793329
ORD1054,Central,Furniture,Tables,4395.6,470.42,2024-07-02 11:26:26.793329
ORD1055,South,Technology,Computers,2077.07,213.96,2024-11-13 11:26:26.793329
ORD1056,South,Furniture,Chairs,756.67,153.41,2025-07-05 11:26:26.793329
ORD1057,East,Office Supplies,Pens,241.04,36.82,2025-03-23 11:26:26.793329
ORD1058,Central,Technology,Phones,3800.17,987.91,2024-04-27 11:26:26.793329
ORD1059,East,Office Supplies,Binders,3139.52,863.39,2025-05-29 11:26:26.793329
ORD1060,Central,Technology,Accessories,3549.99,491.16,2024-05-24 11:26:26.793329
ORD1061,Central,Technology,Phones,1143.52,124.89,2025-05-10 11:26:26.793329
ORD1062,East,Technology,Phones,768.22,188.31,2025-08-27 11:26:26.793329
ORD1063,East,Furniture,Storage,171.27,20.33,2025-04-17 11:26:26.793329
ORD1064,Central,Office Supplies,Pens,1817.88,464.75,2024-11-27 11:26:26.793329
ORD1065,West,Technology,Accessories,2990.6,466.34,2025-04-30 11:26:26.793329
ORD1066,South,Office Supplies,Binders,2022.0,438.55,2024-06-22 11:26:26.793329
ORD1067,East,Office Supplies,Binders,2243.63,165.77,2025-04-18 11:26:26.793329
ORD1068,South,Technology,Phones,4530.38,933.1,2024-11-15 11:26:26.793329
ORD1069,West,Furniture,Storage,1806.45,294.35,2024-04-28 11:26:26.793329
ORD1070,West,Technology,Phones,2618.55,514.94,2025-02-20 11:26:26.793329
ORD1071,West,Furniture,Chairs,3939.9,362.48,2024-07-10 11:26:26.793329
ORD1072,East,Furniture,Storage,2043.06,478.52,2026-01-25 11:26:26.793329
ORD1073,West,Furniture,Storage,3148.22,836.48,2025-03-09 11:26:26.793329
ORD1074,East,Technology,Accessories,4325.58,450.66,2024-08-27 11:26:26.793329
ORD1075,West,Furniture,Tables,4752.65,351.36,2024-08-18 11:26:26.793329
ORD1076,South,Technology,Accessories,820.66,45.88,2024-05-09 11:26:26.793329
ORD1077,South,Technology,Accessories,4640.28,976.75,2025-01-18 11:26:26.793329
ORD1078,Central,Technology,Accessories,2511.37,506.73,2025-07-27 11:26:26.793329
ORD1079,South,Furniture,Storage,1365.4,254.89,2026-03-13 11:26:26.793329
ORD1080,Central,Office Supplies,Paper,2349.77,253.74,2024-08-20 11:26:26.793329
ORD1081,South,Office Supplies,Pens,4902.16,724.18,2026-03-23 11:26:26.793329
ORD1082,East,Technology,Accessories,2513.83,499.29,2025-07-24 11:26:26.793329
ORD1083,South,Technology,Phones,1710.88,298.02,2025-07-03 11:26:26.793329
ORD1084,Central,Technology,Computers,3203.66,951.32,2025-12-21 11:26:26.793329
ORD1085,Central,Furniture,Tables,1276.71,107.38,2024-04-05 11:26:26.793329
ORD1086,West,Furniture,Storage,471.73,105.57,2024-06-20 11:26:26.793329
ORD1087,East,Office Supplies,Binders,731.51,110.52,2024-04-19 11:26:26.793329
ORD1088,South,Office Supplies,Paper,727.42,114.24,2024-12-18 11:26:26.793329
ORD1089,West,Office Supplies,Paper,844.32,193.69,2024-11-06 11:26:26.793329
ORD1090,South,Office Supplies,Binders,780.25,174.08,2024-08-31 11:26:26.793329
ORD1091,South,Office Supplies,Pens,3240.29,965.0,2025-10-13 11:26:26.793329
ORD1092,West,Office Supplies,Paper,991.21,81.38,2025-12-14 11:26:26.793329
ORD1093,West,Furniture,Tables,1793.77,136.38,2025-09-22 11:26:26.793329
ORD1094,West,Furniture,Storage,4494.26,1038.55,2025-06-07 11:26:26.793329
ORD1095,West,Office Supplies,Paper,2422.41,471.39,2024-07-22 11:26:26.793329
ORD1096,West,Office Supplies,Binders,3371.03,399.6,2025-01-20 11:26:26.793329
ORD1097,South,Technology,Phones,944.37,65.97,2024-11-29 11:26:26.793329
ORD1098,West,Furniture,Tables,1042.22,74.43,2025-02-02 11:26:26.793329
ORD1099,East,Technology,Phones,300.26,82.14,2024-08-02 11:26:26.793329
ORD1100,Central,Furniture,Chairs,927.78,90.89,2024-05-18 11:26:26.793329
ORD1101,West,Office Supplies,Paper,1465.09,191.7,2024-11-30 11:26:26.793329
ORD1102,West,Furniture,Storage,967.35,103.18,2025-06-03 11:26:26.793329
ORD1103,South,Technology,Phones,534.64,74.18,2026-01-14 11:26:26.793329
ORD1104,West,Office Supplies,Paper,691.12,46.55,2025-12-28 11:26:26.793329
ORD1105,West,Furniture,Storage,2357.82,423.85,2025-07-12 11:26:26.793329
ORD1106,West,Technology,Accessories,1111.04,74.33,2024-06-03 11:26:26.793329
ORD1107,South,Furniture,Tables,1884.92,471.4,2024-07-22 11:26:26.793329
ORD1108,West,Office Supplies,Pens,2566.74,278.31,2025-08-24 11:26:26.793329
ORD1109,Central,Technology,Phones,3482.93,644.35,2025-12-02 11:26:26.793329
ORD1110,South,Office Supplies,Pens,292.63,79.02,2025-09-30 11:26:26.793329
ORD1111,Central,Office Supplies,Paper,4017.11,854.52,2024-04-16 11:26:26.793329
ORD1112,South,Office Supplies,Binders,3176.71,582.1,2026-01-07 11:26:26.793329
ORD1113,West,Technology,Accessories,500.62,65.62,2025-09-09 11:26:26.793329
ORD1114,Central,Office Supplies,Binders,4380.54,583.71,2025-11-09 11:26:26.793329
ORD1115,South,Technology,Accessories,4612.27,1002.58,2024-12-03 11:26:26.793329
ORD1116,East,Technology,Phones,399.28,119.2,2024-08-25 11:26:26.793329
ORD1117,West,Furniture,Chairs,1456.7,313.86,2025-01-23 11:26:26.793329
ORD1118,South,Furniture,Tables,4050.39,767.33,2025-06-13 11:26:26.793329
ORD1119,East,Furniture,Storage,3766.47,876.32,2024-04-01 11:26:26.793329
ORD1120,South,Office Supplies,Paper,1004.15,166.99,2025-12-20 11:26:26.793329
ORD1121,East,Office Supplies,Paper,1125.81,73.22,2025-03-27 11:26:26.793329
ORD1122,West,Furniture,Chairs,1915.31,365.01,2024-12-02 11:26:26.793329
ORD1123,Central,Office Supplies,Pens,2474.16,716.04,2025-11-05 11:26:26.793329
ORD1124,East,Furniture,Chairs,3129.45,293.62,2025-05-31 11:26:26.793329
ORD1125,South,Furniture,Chairs,1907.68,424.46,2024-10-08 11:26:26.793329
ORD1126,West,Technology,Phones,2366.42,237.19,2026-02-09 11:26:26.793329
ORD1127,East,Office Supplies,Paper,3762.61,692.16,2026-02-13 11:26:26.793329
ORD1128,South,Technology,Accessories,279.75,20.75,2024-06-26 11:26:26.793329
ORD1129,South,Technology,Phones,1336.94,217.38,2025-09-18 11:26:26.793329
ORD1130,South,Office Supplies,Paper,3595.41,859.45,2025-04-04 11:26:26.793329
ORD1131,East,Office Supplies,Pens,4486.51,614.17,2024-06-08 11:26:26.793329
ORD1132,East,Office Supplies,Binders,2607.22,563.75,2025-09-20 11:26:26.793329
ORD1133,East,Furniture,Tables,2707.36,673.76,2025-10-09 11:26:26.793329
ORD1134,Central,Technology,Phones,625.14,176.16,2025-09-01 11:26:26.793329
ORD1135,East,Furniture,Chairs,2292.32,249.08,2025-09-01 11:26:26.793329
ORD1136,East,Office Supplies,Binders,2709.82,406.01,2025-10-19 11:26:26.793329
ORD1137,East,Technology,Computers,1288.11,113.49,2024-04-20 11:26:26.793329
ORD1138,Central,Technology,Computers,1419.29,423.12,2025-05-04 11:26:26.793329
ORD1139,East,Office Supplies,Paper,1948.69,549.04,2025-07-25 11:26:26.793329
ORD1140,South,Office Supplies,Pens,198.35,36.69,2024-05-14 11:26:26.793329
ORD1141,East,Office Supplies,Paper,1678.19,437.18,2026-01-10 11:26:26.793329
ORD1142,South,Furniture,Tables,1136.1,204.77,2025-05-01 11:26:26.793329
ORD1143,South,Office Supplies,Binders,1704.74,351.0,2025-04-17 11:26:26.793329
ORD1144,South,Furniture,Chairs,686.83,49.64,2024-12-15 11:26:26.793329
ORD1145,Central,Furniture,Chairs,4463.58,1065.98,2024-04-16 11:26:26.793329
ORD1146,Central,Office Supplies,Binders,3008.6,246.49,2025-03-31 11:26:26.793329
ORD1147,Central,Furniture,Tables,3427.6,879.24,2024-06-08 11:26:26.793329
ORD1148,East,Furniture,Tables,3966.94,973.91,2025-03-19 11:26:26.793329
ORD1149,South,Technology,Phones,2542.37,577.59,2024-12-02 11:26:26.793329
ORD1150,Central,Furniture,Tables,525.91,31.05,2026-02-01 11:26:26.793329
ORD1151,Central,Office Supplies,Paper,2731.82,343.61,2026-01-03 11:26:26.793329
ORD1152,East,Furniture,Storage,2975.52,344.5,2024-07-15 11:26:26.793329
ORD1153,Central,Office Supplies,Paper,3752.65,525.5,2025-11-16 11:26:26.793329
ORD1154,East,Furniture,Chairs,2215.13,159.29,2025-03-06 11:26:26.793329
ORD1155,West,Furniture,Tables,725.14,206.11,2024-08-14 11:26:26.793329
ORD1156,Central,Technology,Computers,1490.5,280.89,2024-05-15 11:26:26.793329
ORD1157,West,Furniture,Tables,1879.1,237.48,2025-03-26 11:26:26.793329
ORD1158,East,Furniture,Chairs,3264.99,487.28,2025-10-11 11:26:26.793329
ORD1159,South,Technology,Phones,2896.81,468.71,2025-03-12 11:26:26.793329
ORD1160,Central,Technology,Computers,1844.87,369.25,2026-01-18 11:26:26.793329
ORD1161,East,Technology,Computers,4933.92,882.78,2024-09-26 11:26:26.793329
ORD1162,South,Technology,Accessories,3068.3,858.66,2026-03-02 11:26:26.793329
ORD1163,South,Office Supplies,Pens,1262.41,219.96,2025-07-19 11:26:26.793329
ORD1164,West,Office Supplies,Pens,598.73,178.45,2026-03-13 11:26:26.793329
ORD1165,East,Technology,Phones,849.01,223.17,2025-08-03 11:26:26.793329
ORD1166,South,Furniture,Tables,1305.19,133.3,2026-01-06 11:26:26.793329
ORD1167,Central,Furniture,Chairs,887.34,250.81,2024-10-03 11:26:26.793329
ORD1168,Central,Office Supplies,Pens,1014.18,80.21,2024-08-16 11:26:26.793329
ORD1169,West,Office Supplies,Paper,1496.97,380.77,2024-06-03 11:26:26.793329
ORD1170,South,Office Supplies,Binders,949.53,137.83,2025-07-12 11:26:26.793329
ORD1171,East,Furniture,Chairs,4494.15,1211.14,2024-05-07 11:26:26.793329
ORD1172,Central,Office Supplies,Binders,493.15,131.68,2025-01-25 11:26:26.793329
ORD1173,South,Office Supplies,Pens,2670.11,671.48,2024-10-23 11:26:26.793329
ORD1174,South,Furniture,Chairs,2110.94,522.47,2024-05-14 11:26:26.793329
ORD1175,West,Office Supplies,Paper,4913.66,619.96,2024-10-21 11:26:26.793329
ORD1176,Central,Furniture,Chairs,648.99,45.58,2024-05-12 11:26:26.793329
ORD1177,Central,Office Supplies,Paper,2049.49,308.95,2025-02-17 11:26:26.793329
ORD1178,East,Office Supplies,Paper,4850.41,452.94,2025-02-11 11:26:26.793329
ORD1179,Central,Technology,Phones,4340.98,971.24,2025-09-09 11:26:26.793329
ORD1180,East,Office Supplies,Paper,4103.65,560.25,2025-05-12 11:26:26.793329
ORD1181,Central,Office Supplies,Pens,1363.72,400.8,2025-10-08 11:26:26.793329
ORD1182,West,Furniture,Storage,937.35,197.07,2025-07-28 11:26:26.793329
ORD1183,Central,Furniture,Tables,3376.35,863.06,2024-12-15 11:26:26.793329
ORD1184,East,Office Supplies,Pens,4653.94,386.89,2024-05-07 11:26:26.793329
ORD1185,East,Office Supplies,Pens,2828.14,750.88,2026-01-22 11:26:26.793329
ORD1186,West,Technology,Computers,2900.9,814.25,2024-10-12 11:26:26.793329
ORD1187,Central,Furniture,Storage,1471.9,252.82,2025-01-17 11:26:26.793329
ORD1188,Central,Office Supplies,Binders,3870.52,780.15,2025-03-31 11:26:26.793329
ORD1189,West,Furniture,Tables,1016.51,245.18,2024-05-18 11:26:26.793329
ORD1190,Central,Technology,Phones,1686.03,158.0,2026-01-31 11:26:26.793329
ORD1191,Central,Office Supplies,Pens,2184.64,383.71,2025-03-05 11:26:26.793329
ORD1192,East,Technology,Computers,2587.29,387.23,2025-01-04 11:26:26.793329
ORD1193,Central,Technology,Phones,1287.81,111.52,2024-08-05 11:26:26.793329
ORD1194,Central,Furniture,Tables,662.7,94.03,2025-04-11 11:26:26.793329
ORD1195,West,Office Supplies,Pens,3092.04,207.3,2025-06-21 11:26:26.793329
ORD1196,West,Furniture,Chairs,1514.29,85.49,2025-05-14 11:26:26.793329
ORD1197,South,Office Supplies,Paper,2948.07,247.02,2025-06-24 11:26:26.793329
ORD1198,East,Office Supplies,Binders,856.38,249.02,2025-04-30 11:26:26.793329
ORD1199,Central,Furniture,Tables,2457.59,460.51,2025-03-13 11:26:26.793329
ORD1200,Central,Furniture,Chairs,2709.69,789.75,2024-10-08 11:26:26.793329
ORD1201,South,Technology,Computers,353.94,55.97,2025-08-21 11:26:26.793329
ORD1202,Central,Furniture,Tables,1749.36,223.84,2026-03-09 11:26:26.793329
ORD1203,East,Office Supplies,Pens,758.63,133.93,2025-08-22 11:26:26.793329
ORD1204,South,Technology,Accessories,410.54,65.64,2025-04-11 11:26:26.793329
ORD1205,East,Office Supplies,Pens,4950.81,378.32,2025-09-13 11:26:26.793329
ORD1206,South,Furniture,Storage,1679.53,353.05,2024-12-29 11:26:26.793329
ORD1207,South,Office Supplies,Binders,4068.38,423.15,2024-06-23 11:26:26.793329
ORD1208,West,Office Supplies,Paper,1347.74,276.15,2025-06-08 11:26:26.793329
ORD1209,East,Furniture,Tables,3439.36,731.04,2024-06-19 11:26:26.793329
ORD1210,Central,Furniture,Chairs,3825.12,336.63,2025-06-14 11:26:26.793329
ORD1211,Central,Office Supplies,Pens,3018.63,197.23,2025-12-07 11:26:26.793329
ORD1212,East,Furniture,Tables,2410.72,591.09,2024-10-01 11:26:26.793329
ORD1213,Central,Technology,Accessories,2118.02,349.37,2025-10-10 11:26:26.793329
ORD1214,Central,Furniture,Storage,1809.45,116.78,2025-01-25 11:26:26.793329
ORD1215,East,Technology,Phones,4654.69,1390.43,2025-02-22 11:26:26.793329
ORD1216,South,Office Supplies,Pens,4170.04,268.74,2024-07-14 11:26:26.793329
ORD1217,East,Technology,Accessories,4828.63,1080.45,2024-06-20 11:26:26.793329
ORD1218,South,Technology,Computers,709.06,209.82,2025-03-01 11:26:26.793329
ORD1219,Central,Furniture,Chairs,3681.25,404.18,2026-02-05 11:26:26.793329
ORD1220,Central,Office Supplies,Binders,4697.87,401.96,2025-01-27 11:26:26.793329
ORD1221,Central,Technology,Phones,988.04,79.39,2025-02-07 11:26:26.793329
ORD1222,West,Furniture,Tables,425.83,53.58,2025-06-30 11:26:26.793329
ORD1223,South,Furniture,Storage,3731.49,280.84,2025-12-08 11:26:26.793329
ORD1224,West,Technology,Phones,2914.92,650.14,2025-06-10 11:26:26.793329
ORD1225,West,Office Supplies,Binders,4224.96,277.04,2024-09-17 11:26:26.793329
ORD1226,East,Office Supplies,Pens,784.88,139.2,2026-03-07 11:26:26.793329
ORD1227,West,Technology,Accessories,3996.81,1195.74,2025-06-28 11:26:26.793329
ORD1228,East,Furniture,Chairs,1087.97,275.79,2025-03-25 11:26:26.793329
ORD1229,East,Furniture,Storage,901.91,183.81,2025-07-01 11:26:26.793329
ORD1230,West,Furniture,Storage,904.9,114.53,2024-05-13 11:26:26.793329
ORD1231,South,Furniture,Tables,4091.42,842.73,2025-03-27 11:26:26.793329
ORD1232,South,Office Supplies,Pens,3359.47,610.62,2025-12-20 11:26:26.793329
ORD1233,South,Furniture,Tables,2663.02,416.82,2025-06-19 11:26:26.793329
ORD1234,South,Furniture,Chairs,1858.27,153.64,2025-01-06 11:26:26.793329
ORD1235,South,Technology,Computers,4398.28,1194.8,2026-01-14 11:26:26.793329
ORD1236,West,Furniture,Tables,2022.98,328.63,2024-05-28 11:26:26.793329
ORD1237,West,Furniture,Storage,4101.34,404.62,2024-06-15 11:26:26.793329
ORD1238,Central,Furniture,Storage,2251.76,319.61,2026-02-16 11:26:26.793329
ORD1239,South,Furniture,Tables,1947.03,298.93,2026-01-12 11:26:26.793329
ORD1240,West,Office Supplies,Binders,2367.13,608.08,2025-05-20 11:26:26.793329
ORD1241,Central,Office Supplies,Pens,1576.75,368.02,2025-04-07 11:26:26.793329
ORD1242,South,Furniture,Chairs,3763.29,911.94,2025-09-07 11:26:26.793329
ORD1243,East,Furniture,Chairs,2563.33,135.24,2026-02-24 11:26:26.793329
ORD1244,Central,Technology,Phones,1237.84,190.68,2024-09-10 11:26:26.793329
ORD1245,West,Furniture,Storage,4507.92,767.86,2024-05-01 11:26:26.793329
ORD1246,East,Technology,Computers,1981.07,108.56,2024-08-24 11:26:26.793329
ORD1247,East,Office Supplies,Pens,2763.41,317.66,2025-12-13 11:26:26.793329
ORD1248,East,Furniture,Tables,4541.71,1090.34,2026-02-23 11:26:26.793329
ORD1249,Central,Furniture,Storage,3158.77,266.21,2025-06-22 11:26:26.793329
ORD1250,West,Furniture,Tables,672.8,123.68,2024-05-05 11:26:26.793329
ORD1251,East,Furniture,Tables,4705.18,488.4,2024-08-07 11:26:26.793329
ORD1252,South,Furniture,Chairs,3175.77,168.41,2024-06-07 11:26:26.793329
ORD1253,East,Technology,Computers,1741.04,192.04,2024-11-27 11:26:26.793329
ORD1254,East,Technology,Phones,782.43,230.01,2026-01-20 11:26:26.793329
ORD1255,Central,Furniture,Chairs,3990.72,999.21,2025-04-10 11:26:26.793329
ORD1256,Central,Office Supplies,Paper,3138.36,909.79,2025-04-05 11:26:26.793329
ORD1257,West,Technology,Computers,2713.96,466.7,2025-04-27 11:26:26.793329
ORD1258,South,Technology,Phones,4480.07,346.91,2025-11-01 11:26:26.793329
ORD1259,Central,Technology,Computers,3964.13,741.25,2024-05-03 11:26:26.793329
ORD1260,East,Office Supplies,Pens,843.21,137.94,2025-12-10 11:26:26.793329
ORD1261,West,Technology,Accessories,1627.44,424.91,2024-09-04 11:26:26.793329
ORD1262,East,Office Supplies,Binders,1317.6,98.19,2026-02-24 11:26:26.793329
ORD1263,East,Furniture,Chairs,3745.34,644.42,2025-07-04 11:26:26.793329
ORD1264,Central,Technology,Phones,264.31,23.13,2025-04-14 11:26:26.793329
ORD1265,West,Office Supplies,Binders,2892.46,379.4,2025-04-15 11:26:26.793329
ORD1266,South,Furniture,Chairs,3836.05,898.94,2025-06-28 11:26:26.793329
ORD1267,South,Office Supplies,Binders,4396.15,742.97,2024-06-17 11:26:26.793329
ORD1268,Central,Technology,Accessories,1776.2,255.72,2025-11-08 11:26:26.793329
ORD1269,Central,Technology,Computers,4124.16,612.93,2024-08-18 11:26:26.793329
ORD1270,West,Office Supplies,Pens,642.1,105.86,2025-09-24 11:26:26.793329
ORD1271,South,Furniture,Tables,4247.62,1045.99,2025-04-10 11:26:26.793329
ORD1272,South,Office Supplies,Paper,724.69,197.86,2025-05-12 11:26:26.793329
ORD1273,South,Technology,Phones,2046.71,591.16,2025-02-15 11:26:26.793329
ORD1274,East,Office Supplies,Binders,4006.75,988.57,2026-01-25 11:26:26.793329
ORD1275,South,Furniture,Storage,834.6,107.54,2025-01-10 11:26:26.793329
ORD1276,East,Office Supplies,Pens,1223.33,271.62,2024-12-11 11:26:26.793329
ORD1277,West,Office Supplies,Pens,3639.04,580.07,2024-07-25 11:26:26.793329
ORD1278,East,Office Supplies,Pens,3628.18,412.41,2024-04-26 11:26:26.793329
ORD1279,West,Furniture,Tables,3241.62,843.53,2024-10-07 11:26:26.793329
ORD1280,South,Technology,Phones,3500.35,208.64,2025-08-24 11:26:26.793329
ORD1281,South,Office Supplies,Binders,2759.35,760.04,2025-09-12 11:26:26.793329
ORD1282,West,Office Supplies,Binders,1333.82,220.57,2025-05-01 11:26:26.793329
ORD1283,Central,Office Supplies,Paper,1793.91,375.47,2025-10-27 11:26:26.793329
ORD1284,West,Office Supplies,Binders,989.83,212.65,2024-07-29 11:26:26.793329
ORD1285,Central,Office Supplies,Binders,4551.41,1246.08,2024-12-24 11:26:26.793329
ORD1286,East,Office Supplies,Binders,2958.62,618.85,2024-12-22 11:26:26.793329
ORD1287,East,Technology,Computers,2064.17,420.02,2026-03-21 11:26:26.793329
ORD1288,East,Office Supplies,Binders,2363.83,157.58,2025-06-30 11:26:26.793329
ORD1289,South,Office Supplies,Paper,4741.69,851.62,2024-11-05 11:26:26.793329
ORD1290,East,Furniture,Tables,851.42,74.54,2025-12-17 11:26:26.793329
ORD1291,Central,Office Supplies,Binders,2972.53,696.64,2025-01-17 11:26:26.793329
ORD1292,East,Office Supplies,Pens,2578.85,459.18,2026-03-11 11:26:26.793329
ORD1293,West,Furniture,Storage,3096.13,681.32,2025-08-15 11:26:26.793329
ORD1294,West,Office Supplies,Binders,188.74,11.4,2024-10-21 11:26:26.793329
ORD1295,South,Technology,Accessories,4373.41,311.38,2024-08-03 11:26:26.793329
ORD1296,West,Furniture,Tables,4667.38,1069.21,2024-08-16 11:26:26.793329
ORD1297,Central,Technology,Phones,2869.15,195.16,2024-06-14 11:26:26.793329
ORD1298,East,Technology,Accessories,3513.59,238.27,2025-07-06 11:26:26.793329
ORD1299,South,Office Supplies,Pens,4620.25,245.0,2024-09-23 11:26:26.793329
ORD1300,East,Technology,Computers,3565.47,1030.87,2026-03-31 11:26:26.793329
ORD1301,East,Technology,Computers,847.44,198.62,2025-06-29 11:26:26.793329
ORD1302,Central,Office Supplies,Paper,2923.81,404.4,2024-06-28 11:26:26.793329
ORD1303,West,Office Supplies,Binders,3072.9,381.45,2026-02-27 11:26:26.793329
ORD1304,West,Office Supplies,Paper,2178.24,299.35,2025-02-21 11:26:26.793329
ORD1305,East,Office Supplies,Paper,3708.58,903.65,2026-02-12 11:26:26.793329
ORD1306,South,Technology,Accessories,4678.4,1007.46,2025-03-21 11:26:26.793329
ORD1307,West,Office Supplies,Pens,4635.29,446.37,2026-03-27 11:26:26.793329
ORD1308,South,Office Supplies,Binders,2309.11,215.96,2024-06-05 11:26:26.793329
ORD1309,West,Furniture,Chairs,654.87,48.85,2025-10-15 11:26:26.793329
ORD1310,South,Office Supplies,Binders,4925.72,1059.4,2025-10-07 11:26:26.793329
ORD1311,Central,Furniture,Chairs,4210.6,1015.15,2025-01-22 11:26:26.793329
ORD1312,South,Furniture,Chairs,710.85,82.64,2025-02-01 11:26:26.793329
ORD1313,Central,Furniture,Chairs,4612.13,254.76,2024-09-08 11:26:26.793329
ORD1314,Central,Technology,Accessories,4362.49,307.74,2026-03-29 11:26:26.793329
ORD1315,South,Furniture,Tables,2642.31,771.46,2026-03-27 11:26:26.793329
ORD1316,Central,Technology,Accessories,2997.25,371.24,2026-03-18 11:26:26.793329
ORD1317,East,Office Supplies,Paper,2055.11,497.97,2026-01-13 11:26:26.793329
ORD1318,Central,Office Supplies,Pens,368.33,75.94,2024-09-25 11:26:26.793329
ORD1319,West,Technology,Computers,1742.47,253.5,2025-04-05 11:26:26.793329
ORD1320,South,Technology,Phones,4033.98,409.13,2025-09-02 11:26:26.793329
ORD1321,East,Furniture,Storage,122.7,9.86,2024-11-15 11:26:26.793329
ORD1322,South,Office Supplies,Paper,1734.15,353.34,2024-08-02 11:26:26.793329
ORD1323,West,Furniture,Tables,2051.03,499.75,2024-10-22 11:26:26.793329
ORD1324,West,Furniture,Chairs,2733.24,576.65,2024-08-20 11:26:26.793329
ORD1325,West,Office Supplies,Pens,4607.29,841.18,2024-11-28 11:26:26.793329
ORD1326,Central,Technology,Phones,1797.1,108.7,2025-08-18 11:26:26.793329
ORD1327,Central,Office Supplies,Paper,1800.07,525.84,2024-04-26 11:26:26.793329
ORD1328,South,Furniture,Tables,3713.76,927.25,2025-04-04 11:26:26.793329
ORD1329,South,Furniture,Tables,2315.87,285.33,2025-10-19 11:26:26.793329
ORD1330,East,Office Supplies,Pens,1200.56,354.16,2025-11-07 11:26:26.793329
ORD1331,East,Office Supplies,Pens,2316.95,464.48,2025-04-12 11:26:26.793329
ORD1332,South,Technology,Computers,790.2,154.57,2025-07-22 11:26:26.793329
ORD1333,Central,Office Supplies,Pens,964.3,228.56,2025-10-16 11:26:26.793329
ORD1334,West,Office Supplies,Binders,2542.0,642.98,2024-08-10 11:26:26.793329
ORD1335,South,Office Supplies,Binders,2152.73,460.94,2025-12-17 11:26:26.793329
ORD1336,East,Furniture,Storage,4582.74,375.89,2024-06-27 11:26:26.793329
ORD1337,Central,Technology,Computers,1875.73,252.41,2024-06-06 11:26:26.793329
ORD1338,South,Technology,Phones,2944.88,830.52,2025-02-10 11:26:26.793329
ORD1339,South,Office Supplies,Binders,3198.1,339.49,2025-05-12 11:26:26.793329
ORD1340,Central,Office Supplies,Binders,164.16,23.48,2025-08-03 11:26:26.793329
ORD1341,South,Office Supplies,Paper,3351.33,529.57,2025-09-20 11:26:26.793329
ORD1342,Central,Technology,Computers,972.38,155.44,2025-05-25 11:26:26.793329
ORD1343,West,Furniture,Storage,4809.24,977.41,2025-05-24 11:26:26.793329
ORD1344,Central,Technology,Phones,828.45,236.75,2025-11-09 11:26:26.793329
ORD1345,Central,Technology,Computers,2131.66,234.85,2024-06-14 11:26:26.793329
ORD1346,Central,Technology,Accessories,518.21,41.65,2024-08-06 11:26:26.793329
ORD1347,South,Furniture,Chairs,4984.68,495.32,2025-02-18 11:26:26.793329
ORD1348,South,Furniture,Chairs,2560.76,695.84,2026-01-17 11:26:26.793329
ORD1349,Central,Technology,Accessories,3017.39,638.04,2024-06-14 11:26:26.793329
ORD1350,South,Furniture,Storage,428.67,52.07,2025-07-04 11:26:26.793329
ORD1351,East,Furniture,Chairs,3774.81,958.75,2025-07-21 11:26:26.793329
ORD1352,East,Technology,Computers,1128.54,299.45,2026-02-25 11:26:26.793329
ORD1353,South,Technology,Accessories,4500.47,1177.45,2025-09-11 11:26:26.793329
ORD1354,South,Technology,Computers,1105.18,309.15,2025-03-18 11:26:26.793329
ORD1355,Central,Furniture,Chairs,1034.37,116.95,2024-08-09 11:26:26.793329
ORD1356,West,Technology,Computers,279.09,66.64,2025-10-16 11:26:26.793329
ORD1357,South,Office Supplies,Pens,2413.13,398.49,2026-01-15 11:26:26.793329
ORD1358,East,Furniture,Storage,2867.72,747.04,2025-11-22 11:26:26.793329
ORD1359,Central,Technology,Computers,421.97,97.95,2024-10-03 11:26:26.793329
ORD1360,South,Furniture,Tables,3900.09,952.06,2024-08-10 11:26:26.793329
ORD1361,East,Technology,Computers,2321.12,496.81,2025-06-17 11:26:26.793329
ORD1362,East,Technology,Accessories,2669.51,251.89,2025-08-27 11:26:26.793329
ORD1363,West,Office Supplies,Pens,2259.74,420.89,2024-05-26 11:26:26.793329
ORD1364,Central,Office Supplies,Pens,2063.74,611.21,2024-08-05 11:26:26.793329
ORD1365,Central,Furniture,Tables,2842.24,808.18,2025-09-12 11:26:26.793329
ORD1366,West,Furniture,Tables,860.68,52.32,2024-09-03 11:26:26.793329
ORD1367,West,Technology,Computers,991.45,90.42,2025-02-05 11:26:26.793329
ORD1368,Central,Furniture,Tables,4322.75,358.5,2024-09-15 11:26:26.793329
ORD1369,Central,Technology,Accessories,4735.97,1096.35,2024-09-12 11:26:26.793329
ORD1370,South,Office Supplies,Binders,1929.22,490.88,2025-02-24 11:26:26.793329
ORD1371,South,Office Supplies,Paper,1426.65,147.48,2026-03-27 11:26:26.793329
ORD1372,West,Technology,Phones,3255.6,574.49,2024-11-16 11:26:26.793329
ORD1373,South,Office Supplies,Pens,2102.8,547.1,2025-03-20 11:26:26.793329
ORD1374,East,Furniture,Tables,224.39,52.33,2025-09-13 11:26:26.793329
ORD1375,South,Office Supplies,Pens,865.15,160.54,2025-01-15 11:26:26.793329
ORD1376,South,Office Supplies,Paper,3608.26,712.94,2024-06-19 11:26:26.793329
ORD1377,East,Furniture,Storage,3328.73,589.49,2024-12-12 11:26:26.793329
ORD1378,West,Technology,Phones,232.77,28.95,2024-10-18 11:26:26.793329
ORD1379,East,Technology,Phones,1187.66,227.15,2026-01-10 11:26:26.793329
ORD1380,South,Furniture,Tables,1232.27,273.84,2025-10-16 11:26:26.793329
ORD1381,West,Technology,Computers,3392.27,910.25,2025-01-06 11:26:26.793329
ORD1382,South,Furniture,Tables,196.58,41.1,2024-08-06 11:26:26.793329
ORD1383,East,Technology,Computers,610.13,146.6,2025-12-31 11:26:26.793329
ORD1384,East,Technology,Computers,4019.59,361.84,2025-02-04 11:26:26.793329
ORD1385,South,Technology,Computers,974.87,161.23,2025-12-20 11:26:26.793329
ORD1386,Central,Furniture,Tables,3298.46,172.62,2025-09-28 11:26:26.793329
ORD1387,Central,Furniture,Storage,1267.1,141.5,2024-07-04 11:26:26.793329
ORD1388,East,Office Supplies,Paper,587.26,136.02,2025-08-27 11:26:26.793329
ORD1389,East,Technology,Phones,1291.54,384.82,2026-01-16 11:26:26.793329
ORD1390,Central,Office Supplies,Paper,3639.11,272.19,2024-09-19 11:26:26.793329
ORD1391,Central,Office Supplies,Paper,4292.91,645.54,2025-11-27 11:26:26.793329
ORD1392,South,Furniture,Chairs,4168.08,1042.09,2025-11-15 11:26:26.793329
ORD1393,South,Furniture,Chairs,2046.2,206.68,2024-09-04 11:26:26.793329
ORD1394,Central,Office Supplies,Paper,3373.62,636.84,2024-09-22 11:26:26.793329
ORD1395,South,Furniture,Chairs,1104.42,257.63,2026-02-03 11:26:26.793329
ORD1396,South,Technology,Accessories,1536.42,313.42,2025-12-30 11:26:26.793329
ORD1397,West,Furniture,Storage,4492.05,435.76,2025-12-10 11:26:26.793329
ORD1398,South,Furniture,Tables,163.71,22.73,2025-03-11 11:26:26.793329
ORD1399,East,Office Supplies,Binders,518.99,127.64,2025-10-29 11:26:26.793329
ORD1400,South,Technology,Phones,1118.64,210.93,2024-05-12 11:26:26.793329
ORD1401,South,Office Supplies,Pens,230.01,11.8,2024-04-29 11:26:26.793329
ORD1402,Central,Office Supplies,Pens,989.03,237.61,2024-06-22 11:26:26.793329
ORD1403,East,Furniture,Chairs,2956.9,173.95,2024-05-16 11:26:26.793329
ORD1404,South,Technology,Phones,2164.98,511.87,2026-01-16 11:26:26.793329
ORD1405,South,Office Supplies,Paper,4474.09,450.18,2025-11-11 11:26:26.793329
ORD1406,West,Technology,Accessories,4105.47,1188.61,2024-12-27 11:26:26.793329
ORD1407,South,Office Supplies,Binders,1774.91,252.01,2026-01-26 11:26:26.793329
ORD1408,South,Technology,Accessories,1371.17,180.63,2024-11-01 11:26:26.793329
ORD1409,West,Furniture,Chairs,1960.49,171.0,2025-11-06 11:26:26.793329
ORD1410,Central,Office Supplies,Pens,2992.45,378.25,2025-05-31 11:26:26.793329
ORD1411,South,Office Supplies,Paper,1413.51,380.46,2025-12-23 11:26:26.793329
ORD1412,West,Furniture,Storage,3158.33,944.6,2026-01-14 11:26:26.793329
ORD1413,East,Technology,Accessories,2106.12,299.23,2024-05-01 11:26:26.793329
ORD1414,Central,Office Supplies,Paper,2805.03,454.84,2025-08-22 11:26:26.793329
ORD1415,East,Office Supplies,Paper,2237.02,515.67,2026-01-02 11:26:26.793329
ORD1416,East,Technology,Accessories,1542.88,418.97,2025-10-10 11:26:26.793329
ORD1417,West,Technology,Accessories,4747.42,941.23,2025-01-21 11:26:26.793329
ORD1418,South,Technology,Phones,3841.67,568.11,2026-01-17 11:26:26.793329
ORD1419,West,Office Supplies,Pens,786.55,120.46,2025-02-03 11:26:26.793329
ORD1420,West,Technology,Phones,4355.49,975.21,2025-08-07 11:26:26.793329
ORD1421,West,Technology,Computers,2488.41,126.42,2024-12-06 11:26:26.793329
ORD1422,West,Furniture,Tables,4483.31,918.62,2026-03-02 11:26:26.793329
ORD1423,Central,Technology,Accessories,4019.29,558.17,2025-05-20 11:26:26.793329
ORD1424,South,Technology,Accessories,2183.55,542.72,2025-01-29 11:26:26.793329
ORD1425,East,Furniture,Tables,210.1,15.39,2025-07-08 11:26:26.793329
ORD1426,East,Furniture,Storage,1416.52,279.13,2024-06-13 11:26:26.793329
ORD1427,South,Office Supplies,Pens,2754.01,468.85,2026-03-06 11:26:26.793329
ORD1428,East,Technology,Accessories,3204.04,674.71,2024-05-31 11:26:26.793329
ORD1429,South,Office Supplies,Binders,1363.65,90.29,2024-09-08 11:26:26.793329
ORD1430,East,Technology,Computers,782.84,152.65,2025-06-24 11:26:26.793329
ORD1431,West,Office Supplies,Pens,4191.16,797.88,2025-05-30 11:26:26.793329
ORD1432,East,Technology,Computers,4923.57,936.29,2025-08-08 11:26:26.793329
ORD1433,South,Furniture,Chairs,2675.88,537.51,2025-07-19 11:26:26.793329
ORD1434,South,Technology,Computers,941.23,206.24,2024-10-25 11:26:26.793329
ORD1435,South,Furniture,Tables,1434.31,360.37,2025-03-14 11:26:26.793329
ORD1436,South,Office Supplies,Pens,190.11,22.33,2025-12-12 11:26:26.793329
ORD1437,South,Office Supplies,Binders,4580.06,1173.7,2024-08-25 11:26:26.793329
ORD1438,Central,Technology,Phones,676.98,118.18,2025-02-14 11:26:26.793329
ORD1439,Central,Technology,Computers,2924.93,202.59,2025-02-20 11:26:26.793329
ORD1440,East,Furniture,Tables,1442.87,93.26,2025-03-19 11:26:26.793329
ORD1441,South,Furniture,Tables,2815.47,376.03,2025-05-13 11:26:26.793329
ORD1442,East,Technology,Computers,3291.96,810.56,2024-08-11 11:26:26.793329
ORD1443,South,Technology,Accessories,4165.73,945.29,2025-04-14 11:26:26.793329
ORD1444,South,Office Supplies,Binders,1111.46,274.7,2025-09-09 11:26:26.793329
ORD1445,Central,Office Supplies,Paper,153.88,27.59,2025-10-27 11:26:26.793329
ORD1446,Central,Office Supplies,Paper,770.74,123.36,2024-07-17 11:26:26.793329
ORD1447,West,Furniture,Chairs,4510.09,391.76,2025-02-20 11:26:26.793329
ORD1448,Central,Office Supplies,Binders,4382.06,578.64,2024-12-03 11:26:26.793329
ORD1449,West,Technology,Accessories,3027.32,479.84,2025-07-21 11:26:26.793329
ORD1450,West,Furniture,Storage,3042.53,219.52,2024-08-03 11:26:26.793329
ORD1451,West,Technology,Accessories,3358.68,353.18,2024-12-29 11:26:26.793329
ORD1452,West,Office Supplies,Binders,959.32,191.44,2025-07-04 11:26:26.793329
ORD1453,West,Technology,Phones,4580.62,1071.48,2024-12-09 11:26:26.793329
ORD1454,East,Furniture,Tables,2151.98,644.7,2024-08-22 11:26:26.793329
ORD1455,Central,Furniture,Tables,1977.38,560.15,2024-07-08 11:26:26.793329
ORD1456,West,Office Supplies,Paper,2642.7,556.66,2024-05-21 11:26:26.793329
ORD1457,South,Technology,Accessories,330.13,51.27,2025-01-22 11:26:26.793329
ORD1458,Central,Office Supplies,Binders,914.79,191.23,2025-04-28 11:26:26.793329
ORD1459,Central,Technology,Accessories,3716.36,915.76,2025-12-21 11:26:26.793329
ORD1460,West,Office Supplies,Binders,505.71,40.25,2025-06-02 11:26:26.793329
ORD1461,East,Technology,Accessories,3055.45,465.88,2024-12-10 11:26:26.793329
ORD1462,West,Office Supplies,Binders,1302.21,338.51,2024-09-10 11:26:26.793329
ORD1463,East,Technology,Accessories,2007.55,293.02,2025-03-01 11:26:26.793329
ORD1464,South,Technology,Computers,1514.6,292.27,2025-11-12 11:26:26.793329
ORD1465,Central,Technology,Computers,1842.8,362.93,2025-02-14 11:26:26.793329
ORD1466,South,Furniture,Chairs,3623.32,348.27,2024-10-11 11:26:26.793329
ORD1467,East,Office Supplies,Paper,1555.9,218.7,2024-09-10 11:26:26.793329
ORD1468,East,Technology,Phones,2875.38,384.23,2025-08-23 11:26:26.793329
ORD1469,South,Office Supplies,Pens,2432.65,137.56,2025-09-09 11:26:26.793329
ORD1470,East,Office Supplies,Paper,3351.99,187.87,2025-07-22 11:26:26.793329
ORD1471,South,Furniture,Chairs,4690.47,1209.79,2025-08-23 11:26:26.793329
ORD1472,Central,Office Supplies,Binders,3689.6,436.36,2025-02-09 11:26:26.793329
ORD1473,South,Technology,Accessories,1153.21,207.02,2025-08-22 11:26:26.793329
ORD1474,Central,Office Supplies,Pens,252.8,31.52,2024-04-23 11:26:26.793329
ORD1475,South,Office Supplies,Binders,1385.09,394.99,2024-07-01 11:26:26.793329
ORD1476,East,Furniture,Chairs,3015.88,346.3,2025-05-07 11:26:26.793329
ORD1477,South,Technology,Phones,351.99,55.41,2025-08-30 11:26:26.793329
ORD1478,East,Technology,Phones,2532.19,679.09,2025-07-12 11:26:26.793329
ORD1479,South,Technology,Phones,3024.53,787.84,2024-12-02 11:26:26.793329
ORD1480,South,Office Supplies,Pens,1737.8,167.74,2024-11-06 11:26:26.793329
ORD1481,West,Furniture,Tables,3877.47,971.93,2025-11-18 11:26:26.793329
ORD1482,East,Furniture,Chairs,622.33,102.4,2025-03-27 11:26:26.793329
ORD1483,West,Office Supplies,Binders,468.18,79.94,2024-05-19 11:26:26.793329
ORD1484,East,Office Supplies,Paper,3668.12,305.81,2024-05-21 11:26:26.793329
ORD1485,West,Office Supplies,Binders,2527.91,177.33,2025-01-13 11:26:26.793329
ORD1486,Central,Furniture,Chairs,3473.17,805.72,2025-08-19 11:26:26.793329
ORD1487,South,Office Supplies,Binders,2230.65,388.39,2025-12-02 11:26:26.793329
ORD1488,East,Technology,Computers,1307.37,208.15,2026-01-29 11:26:26.793329
ORD1489,East,Technology,Computers,4113.6,955.91,2026-02-17 11:26:26.793329
ORD1490,South,Furniture,Chairs,4017.14,969.65,2025-07-25 11:26:26.793329
ORD1491,East,Technology,Computers,3504.01,314.4,2025-01-17 11:26:26.793329
ORD1492,East,Furniture,Chairs,1433.51,290.37,2025-10-01 11:26:26.793329
ORD1493,West,Technology,Computers,2992.13,250.86,2024-04-08 11:26:26.793329
ORD1494,East,Furniture,Storage,1868.77,444.48,2024-07-19 11:26:26.793329
ORD1495,Central,Office Supplies,Pens,548.75,117.56,2025-06-15 11:26:26.793329
ORD1496,Central,Furniture,Chairs,4594.84,1328.61,2024-08-15 11:26:26.793329
ORD1497,South,Furniture,Storage,770.41,51.8,2024-12-26 11:26:26.793329
ORD1498,East,Technology,Phones,4756.16,305.65,2025-04-09 11:26:26.793329
ORD1499,South,Furniture,Chairs,2285.43,275.5,2025-05-17 11:26:26.793329
ORD1500,Central,Office Supplies,Binders,1007.15,116.25,2025-04-09 11:26:26.793329
ORD1501,East,Office Supplies,Pens,2755.31,307.89,2024-05-16 11:26:26.793329
ORD1502,East,Office Supplies,Paper,4377.43,1210.64,2025-05-15 11:26:26.793329
ORD1503,South,Office Supplies,Binders,3687.9,414.47,2024-05-22 11:26:26.793329
ORD1504,Central,Technology,Computers,4052.15,478.1,2025-11-04 11:26:26.793329
ORD1505,East,Technology,Accessories,3328.04,798.23,2025-10-27 11:26:26.793329
ORD1506,South,Technology,Computers,3492.16,567.25,2024-10-16 11:26:26.793329
ORD1507,Central,Office Supplies,Pens,4261.06,1040.46,2025-04-06 11:26:26.793329
ORD1508,South,Furniture,Storage,1323.37,87.79,2025-10-18 11:26:26.793329
ORD1509,West,Office Supplies,Paper,2498.18,429.42,2025-01-20 11:26:26.793329
ORD1510,East,Furniture,Storage,1183.93,69.15,2024-06-14 11:26:26.793329
ORD1511,West,Furniture,Tables,4939.57,324.35,2025-04-30 11:26:26.793329
ORD1512,Central,Office Supplies,Paper,4725.89,1307.23,2025-08-29 11:26:26.793329
ORD1513,West,Furniture,Chairs,293.19,24.87,2025-07-05 11:26:26.793329
ORD1514,West,Furniture,Storage,3557.32,651.36,2025-10-15 11:26:26.793329
ORD1515,Central,Furniture,Chairs,4633.72,707.91,2025-01-11 11:26:26.793329
ORD1516,South,Furniture,Tables,984.82,134.76,2025-12-29 11:26:26.793329
ORD1517,West,Technology,Accessories,2882.93,792.69,2026-02-25 11:26:26.793329
ORD1518,South,Office Supplies,Binders,4585.89,254.31,2025-12-16 11:26:26.793329
ORD1519,West,Technology,Phones,266.34,57.52,2024-07-30 11:26:26.793329
ORD1520,South,Furniture,Tables,3517.36,1023.02,2024-08-09 11:26:26.793329
ORD1521,Central,Office Supplies,Binders,1557.01,295.9,2024-07-08 11:26:26.793329
ORD1522,West,Office Supplies,Binders,4629.54,1315.74,2025-05-08 11:26:26.793329
ORD1523,Central,Furniture,Storage,4858.19,306.38,2025-04-17 11:26:26.793329
ORD1524,West,Furniture,Tables,4726.91,731.25,2025-03-13 11:26:26.793329
ORD1525,Central,Office Supplies,Pens,2423.65,278.82,2025-10-23 11:26:26.793329
ORD1526,Central,Office Supplies,Paper,4324.01,1006.22,2025-04-09 11:26:26.793329
ORD1527,West,Technology,Phones,4238.29,1251.67,2024-08-25 11:26:26.793329
ORD1528,West,Office Supplies,Paper,1663.59,189.87,2024-10-20 11:26:26.793329
ORD1529,West,Office Supplies,Paper,4161.69,888.7,2025-12-07 11:26:26.793329
ORD1530,East,Technology,Phones,281.34,28.0,2025-09-03 11:26:26.793329
ORD1531,South,Furniture,Chairs,3021.72,578.15,2025-05-16 11:26:26.793329
ORD1532,East,Furniture,Tables,1227.04,203.67,2025-08-25 11:26:26.793329
ORD1533,East,Office Supplies,Pens,690.78,202.4,2024-05-11 11:26:26.793329
ORD1534,Central,Office Supplies,Binders,477.07,96.43,2024-05-16 11:26:26.793329
ORD1535,West,Technology,Phones,3511.82,482.44,2024-05-09 11:26:26.793329
ORD1536,South,Technology,Accessories,1765.39,138.63,2024-08-18 11:26:26.793329
ORD1537,Central,Technology,Accessories,3651.36,320.63,2026-03-31 11:26:26.793329
ORD1538,East,Technology,Computers,420.25,44.68,2025-03-07 11:26:26.793329
ORD1539,West,Office Supplies,Pens,1644.92,185.45,2025-07-29 11:26:26.793329
ORD1540,Central,Technology,Computers,2743.51,720.59,2025-09-13 11:26:26.793329
ORD1541,West,Furniture,Storage,3974.54,756.38,2025-07-11 11:26:26.793329
ORD1542,Central,Furniture,Tables,1661.89,300.55,2024-08-30 11:26:26.793329
ORD1543,West,Office Supplies,Binders,3166.87,249.21,2025-12-11 11:26:26.793329
ORD1544,East,Office Supplies,Binders,4441.29,1177.1,2025-09-09 11:26:26.793329
ORD1545,South,Furniture,Chairs,3117.73,719.27,2024-08-21 11:26:26.793329
ORD1546,East,Furniture,Storage,1241.5,83.08,2025-03-01 11:26:26.793329
ORD1547,South,Office Supplies,Pens,219.56,49.83,2025-12-18 11:26:26.793329
ORD1548,West,Furniture,Storage,4363.48,811.1,2025-02-20 11:26:26.793329
ORD1549,Central,Technology,Accessories,204.22,14.38,2024-09-13 11:26:26.793329
ORD1550,East,Furniture,Chairs,4386.04,721.83,2025-05-07 11:26:26.793329
ORD1551,South,Technology,Accessories,2691.79,460.76,2025-12-22 11:26:26.793329
ORD1552,East,Office Supplies,Binders,4701.43,429.92,2025-01-31 11:26:26.793329
ORD1553,South,Technology,Phones,4014.04,1149.72,2025-11-28 11:26:26.793329
ORD1554,East,Office Supplies,Binders,4989.88,1309.81,2025-03-10 11:26:26.793329
ORD1555,South,Office Supplies,Binders,1818.49,395.08,2025-09-01 11:26:26.793329
ORD1556,South,Furniture,Tables,3859.22,638.99,2025-09-03 11:26:26.793329
ORD1557,West,Technology,Computers,2069.46,316.51,2025-09-27 11:26:26.793329
ORD1558,South,Technology,Computers,2451.39,521.52,2025-08-14 11:26:26.793329
ORD1559,West,Office Supplies,Paper,3174.78,591.65,2026-03-26 11:26:26.793329
ORD1560,South,Furniture,Tables,4381.02,287.26,2025-10-28 11:26:26.793329
ORD1561,Central,Technology,Accessories,4922.01,876.74,2025-01-31 11:26:26.793329
ORD1562,Central,Technology,Computers,3864.54,972.32,2025-07-30 11:26:26.793329
ORD1563,Central,Office Supplies,Binders,2147.06,353.86,2024-04-17 11:26:26.793329
ORD1564,South,Office Supplies,Paper,2164.65,136.35,2025-04-12 11:26:26.793329
ORD1565,West,Technology,Phones,3714.15,915.8,2025-03-05 11:26:26.793329
ORD1566,West,Technology,Computers,1270.01,127.43,2026-02-18 11:26:26.793329
ORD1567,South,Technology,Phones,641.32,73.53,2024-07-21 11:26:26.793329
ORD1568,Central,Technology,Accessories,1837.65,167.55,2025-05-31 11:26:26.793329
ORD1569,Central,Furniture,Storage,1507.47,199.82,2025-11-18 11:26:26.793329
ORD1570,West,Office Supplies,Binders,1551.91,371.2,2025-02-09 11:26:26.793329
ORD1571,Central,Technology,Phones,1244.68,223.85,2026-03-05 11:26:26.793329
ORD1572,East,Furniture,Storage,306.26,31.0,2026-01-04 11:26:26.793329
ORD1573,West,Technology,Accessories,187.58,50.54,2024-04-27 11:26:26.793329
ORD1574,Central,Technology,Accessories,4939.84,1333.24,2025-12-02 11:26:26.793329
ORD1575,West,Technology,Phones,2196.09,587.77,2025-07-29 11:26:26.793329
ORD1576,East,Furniture,Tables,1983.2,217.56,2024-12-27 11:26:26.793329
ORD1577,West,Office Supplies,Paper,3430.27,558.48,2026-01-31 11:26:26.793329
ORD1578,West,Technology,Computers,1169.44,346.44,2025-11-13 11:26:26.793329
ORD1579,West,Office Supplies,Binders,4754.81,1155.43,2025-11-12 11:26:26.793329
ORD1580,West,Furniture,Chairs,3953.09,224.5,2024-11-19 11:26:26.793329
ORD1581,East,Office Supplies,Pens,538.11,35.68,2024-05-22 11:26:26.793329
ORD1582,South,Furniture,Storage,2146.15,356.22,2025-11-18 11:26:26.793329
ORD1583,West,Furniture,Tables,4407.68,1222.27,2025-08-04 11:26:26.793329
ORD1584,West,Office Supplies,Paper,4729.19,873.37,2024-09-21 11:26:26.793329
ORD1585,Central,Office Supplies,Binders,2390.27,416.99,2025-09-18 11:26:26.793329
ORD1586,West,Furniture,Chairs,3105.72,237.18,2026-01-04 11:26:26.793329
ORD1587,Central,Furniture,Tables,918.47,196.73,2025-12-25 11:26:26.793329
ORD1588,South,Furniture,Storage,4956.73,1266.57,2025-04-24 11:26:26.793329
ORD1589,East,Furniture,Tables,1235.19,179.23,2024-08-29 11:26:26.793329
ORD1590,East,Office Supplies,Binders,4719.39,1151.07,2026-02-26 11:26:26.793329
ORD1591,South,Office Supplies,Pens,3283.27,955.82,2024-12-04 11:26:26.793329
ORD1592,East,Technology,Computers,3077.91,310.69,2024-05-02 11:26:26.793329
ORD1593,South,Technology,Computers,2612.17,472.36,2025-11-07 11:26:26.793329
ORD1594,South,Furniture,Tables,1230.28,149.83,2026-03-18 11:26:26.793329
ORD1595,South,Office Supplies,Paper,964.99,239.52,2024-07-21 11:26:26.793329
ORD1596,East,Technology,Phones,1180.38,229.46,2024-10-12 11:26:26.793329
ORD1597,Central,Office Supplies,Pens,1013.55,211.47,2024-04-19 11:26:26.793329
ORD1598,South,Office Supplies,Paper,3919.96,977.95,2025-06-25 11:26:26.793329
ORD1599,West,Furniture,Tables,1815.61,270.51,2025-02-15 11:26:26.793329
ORD1600,East,Technology,Computers,383.43,106.89,2025-06-02 11:26:26.793329
ORD1601,South,Office Supplies,Binders,4848.6,888.54,2024-09-02 11:26:26.793329
ORD1602,South,Furniture,Tables,4430.55,396.48,2025-05-27 11:26:26.793329
ORD1603,West,Office Supplies,Binders,4645.99,1040.58,2026-03-08 11:26:26.793329
ORD1604,Central,Office Supplies,Pens,4975.05,1235.38,2024-10-25 11:26:26.793329
ORD1605,Central,Office Supplies,Binders,952.09,123.0,2025-05-25 11:26:26.793329
ORD1606,Central,Furniture,Tables,2041.59,539.58,2025-08-26 11:26:26.793329
ORD1607,South,Office Supplies,Binders,3815.37,1055.09,2025-12-17 11:26:26.793329
ORD1608,South,Technology,Computers,3510.5,418.54,2025-07-26 11:26:26.793329
ORD1609,South,Office Supplies,Pens,854.09,252.71,2024-06-02 11:26:26.793329
ORD1610,East,Technology,Computers,4097.58,349.02,2026-03-23 11:26:26.793329
ORD1611,West,Technology,Phones,1199.76,120.58,2024-08-19 11:26:26.793329
ORD1612,South,Office Supplies,Paper,1196.71,114.95,2025-09-13 11:26:26.793329
ORD1613,West,Office Supplies,Binders,2731.17,746.97,2024-10-29 11:26:26.793329
ORD1614,West,Furniture,Tables,3005.41,641.87,2025-10-26 11:26:26.793329
ORD1615,Central,Furniture,Tables,2942.42,259.01,2025-02-26 11:26:26.793329
ORD1616,East,Office Supplies,Binders,548.29,87.77,2026-02-07 11:26:26.793329
ORD1617,South,Office Supplies,Binders,4399.56,896.74,2025-08-02 11:26:26.793329
ORD1618,Central,Technology,Accessories,1401.44,99.31,2025-09-20 11:26:26.793329
ORD1619,Central,Office Supplies,Paper,734.62,198.79,2025-04-20 11:26:26.793329
ORD1620,South,Technology,Phones,4454.87,1117.73,2025-02-15 11:26:26.793329
ORD1621,West,Furniture,Storage,4782.69,843.2,2024-09-24 11:26:26.793329
ORD1622,Central,Office Supplies,Binders,4324.43,1261.79,2025-07-14 11:26:26.793329
ORD1623,West,Furniture,Tables,4066.63,628.05,2025-09-27 11:26:26.793329
ORD1624,East,Furniture,Storage,3310.69,980.06,2025-03-16 11:26:26.793329
ORD1625,West,Technology,Phones,2799.2,607.37,2025-10-11 11:26:26.793329
ORD1626,East,Office Supplies,Paper,526.24,109.81,2025-03-28 11:26:26.793329
ORD1627,West,Technology,Accessories,2101.42,192.26,2026-02-21 11:26:26.793329
ORD1628,Central,Furniture,Chairs,1926.17,520.99,2026-02-26 11:26:26.793329
ORD1629,Central,Technology,Computers,1372.79,215.35,2026-01-18 11:26:26.793329
ORD1630,East,Technology,Accessories,3644.76,330.06,2026-03-10 11:26:26.793329
ORD1631,South,Office Supplies,Binders,2529.79,134.46,2024-12-26 11:26:26.793329
ORD1632,East,Office Supplies,Paper,497.13,94.42,2025-12-15 11:26:26.793329
ORD1633,East,Technology,Accessories,1178.9,214.38,2025-08-08 11:26:26.793329
ORD1634,West,Office Supplies,Binders,3447.97,792.48,2024-10-13 11:26:26.793329
ORD1635,West,Technology,Accessories,473.04,128.93,2024-12-08 11:26:26.793329
ORD1636,East,Office Supplies,Binders,4270.91,298.33,2025-01-10 11:26:26.793329
ORD1637,Central,Office Supplies,Paper,2526.22,588.29,2025-10-23 11:26:26.793329
ORD1638,West,Office Supplies,Paper,2454.87,237.76,2025-01-30 11:26:26.793329
ORD1639,South,Furniture,Storage,3002.8,794.37,2024-11-16 11:26:26.793329
ORD1640,West,Office Supplies,Binders,4140.94,1054.97,2025-01-29 11:26:26.793329
ORD1641,West,Furniture,Storage,1804.27,334.15,2025-01-20 11:26:26.793329
ORD1642,South,Furniture,Tables,3422.28,778.78,2026-03-22 11:26:26.793329
ORD1643,East,Furniture,Storage,2872.09,369.31,2024-10-29 11:26:26.793329
ORD1644,South,Office Supplies,Paper,1408.44,236.32,2026-03-07 11:26:26.793329
ORD1645,East,Technology,Phones,4405.29,1125.15,2026-03-22 11:26:26.793329
ORD1646,East,Office Supplies,Binders,4007.39,660.48,2025-08-13 11:26:26.793329
ORD1647,East,Furniture,Chairs,3326.41,463.87,2025-02-18 11:26:26.793329
ORD1648,South,Technology,Phones,4267.85,740.7,2025-08-04 11:26:26.793329
ORD1649,East,Technology,Computers,4349.74,1118.15,2025-03-23 11:26:26.793329
ORD1650,Central,Technology,Computers,3570.98,477.8,2025-10-25 11:26:26.793329
ORD1651,South,Furniture,Chairs,4201.37,392.58,2025-01-05 11:26:26.793329
ORD1652,Central,Office Supplies,Binders,3517.61,802.03,2025-01-19 11:26:26.793329
ORD1653,East,Office Supplies,Pens,3432.69,880.47,2024-08-02 11:26:26.793329
ORD1654,West,Furniture,Chairs,3131.2,235.34,2025-11-08 11:26:26.793329
ORD1655,East,Furniture,Chairs,3788.31,416.59,2026-02-21 11:26:26.793329
ORD1656,Central,Office Supplies,Binders,877.17,74.99,2025-10-08 11:26:26.793329
ORD1657,Central,Office Supplies,Pens,4416.27,604.96,2025-04-23 11:26:26.793329
ORD1658,South,Furniture,Tables,4372.03,710.84,2025-05-09 11:26:26.793329
ORD1659,West,Office Supplies,Paper,243.31,57.71,2025-03-19 11:26:26.793329
ORD1660,South,Furniture,Tables,4146.5,882.32,2024-08-27 11:26:26.793329
ORD1661,Central,Office Supplies,Binders,731.46,150.12,2025-01-22 11:26:26.793329
ORD1662,East,Technology,Computers,1742.08,240.57,2024-05-13 11:26:26.793329
ORD1663,West,Office Supplies,Paper,3743.19,974.58,2025-01-19 11:26:26.793329
ORD1664,East,Technology,Computers,887.72,148.98,2024-06-19 11:26:26.793329
ORD1665,East,Office Supplies,Pens,4108.04,1210.95,2025-03-20 11:26:26.793329
ORD1666,West,Furniture,Chairs,4177.46,871.15,2025-06-26 11:26:26.793329
ORD1667,South,Technology,Computers,2586.59,210.98,2026-01-31 11:26:26.793329
ORD1668,East,Office Supplies,Binders,131.29,28.76,2024-12-18 11:26:26.793329
ORD1669,Central,Office Supplies,Binders,1506.49,197.77,2025-08-03 11:26:26.793329
ORD1670,East,Office Supplies,Binders,3122.94,691.99,2024-11-05 11:26:26.793329
ORD1671,West,Technology,Computers,4907.81,330.84,2024-10-23 11:26:26.793329
ORD1672,West,Furniture,Tables,3195.89,299.52,2025-10-03 11:26:26.793329
ORD1673,West,Technology,Phones,1373.04,362.39,2025-01-02 11:26:26.793329
ORD1674,South,Furniture,Tables,3206.63,342.45,2025-10-27 11:26:26.793329
ORD1675,East,Office Supplies,Binders,2745.93,711.91,2026-03-13 11:26:26.793329
ORD1676,South,Office Supplies,Binders,3921.24,469.84,2025-01-03 11:26:26.793329
ORD1677,South,Office Supplies,Binders,624.21,131.53,2024-08-18 11:26:26.793329
ORD1678,West,Furniture,Storage,3829.04,855.93,2024-07-20 11:26:26.793329
ORD1679,West,Technology,Computers,2752.21,490.34,2025-12-21 11:26:26.793329
ORD1680,South,Furniture,Storage,4818.66,608.73,2025-11-21 11:26:26.793329
ORD1681,East,Office Supplies,Pens,1775.17,183.13,2024-12-01 11:26:26.793329
ORD1682,Central,Furniture,Storage,3199.85,186.54,2024-12-04 11:26:26.793329
ORD1683,South,Office Supplies,Binders,4666.94,587.97,2024-05-21 11:26:26.793329
ORD1684,East,Technology,Phones,602.3,128.46,2026-02-14 11:26:26.793329
ORD1685,West,Office Supplies,Binders,4692.42,1335.35,2025-09-25 11:26:26.793329
ORD1686,West,Furniture,Storage,3470.64,929.44,2024-11-17 11:26:26.793329
ORD1687,East,Furniture,Storage,432.4,104.43,2026-01-13 11:26:26.793329
ORD1688,Central,Technology,Accessories,1574.72,389.13,2024-11-24 11:26:26.793329
ORD1689,West,Office Supplies,Pens,3570.04,772.01,2024-05-23 11:26:26.793329
ORD1690,West,Office Supplies,Paper,430.02,49.48,2024-07-11 11:26:26.793329
ORD1691,West,Office Supplies,Paper,2952.64,817.29,2025-05-28 11:26:26.793329
ORD1692,East,Office Supplies,Pens,1794.83,390.7,2025-03-04 11:26:26.793329
ORD1693,South,Furniture,Tables,3142.49,597.42,2025-07-27 11:26:26.793329
ORD1694,West,Technology,Phones,324.14,25.2,2024-07-11 11:26:26.793329
ORD1695,South,Office Supplies,Binders,4370.53,706.99,2026-02-26 11:26:26.793329
ORD1696,Central,Office Supplies,Paper,4870.1,804.0,2024-08-18 11:26:26.793329
ORD1697,West,Furniture,Tables,4847.5,1290.12,2024-04-05 11:26:26.793329
ORD1698,West,Technology,Accessories,3773.29,704.33,2025-10-15 11:26:26.793329
ORD1699,Central,Technology,Phones,737.42,107.0,2024-09-08 11:26:26.793329
ORD1700,West,Furniture,Chairs,3815.49,1122.52,2025-05-21 11:26:26.793329
ORD1701,South,Office Supplies,Binders,220.48,17.13,2026-01-28 11:26:26.793329
ORD1702,East,Office Supplies,Pens,208.41,32.44,2025-07-31 11:26:26.793329
ORD1703,South,Technology,Phones,1685.69,101.99,2025-08-01 11:26:26.793329
ORD1704,East,Technology,Computers,2494.35,586.11,2026-01-26 11:26:26.793329
ORD1705,East,Technology,Accessories,3875.0,1083.14,2024-10-21 11:26:26.793329
ORD1706,South,Technology,Phones,3448.15,413.81,2025-01-19 11:26:26.793329
ORD1707,South,Technology,Phones,2284.92,604.56,2025-02-22 11:26:26.793329
ORD1708,South,Furniture,Chairs,1440.77,177.29,2025-01-17 11:26:26.793329
ORD1709,South,Office Supplies,Pens,4985.91,1384.55,2026-01-21 11:26:26.793329
ORD1710,Central,Office Supplies,Binders,2188.29,521.89,2024-05-30 11:26:26.793329
ORD1711,West,Office Supplies,Binders,2311.8,580.79,2024-06-30 11:26:26.793329
ORD1712,East,Furniture,Tables,901.76,49.15,2026-01-27 11:26:26.793329
ORD1713,South,Furniture,Tables,3994.57,1161.23,2025-11-08 11:26:26.793329
ORD1714,South,Office Supplies,Paper,3499.04,810.61,2024-11-23 11:26:26.793329
ORD1715,South,Technology,Computers,1181.77,149.12,2025-09-29 11:26:26.793329
ORD1716,Central,Office Supplies,Pens,503.67,129.62,2024-05-08 11:26:26.793329
ORD1717,South,Office Supplies,Binders,3434.45,413.44,2024-09-26 11:26:26.793329
ORD1718,South,Office Supplies,Binders,3307.1,886.93,2025-06-01 11:26:26.793329
ORD1719,South,Office Supplies,Binders,1438.97,112.45,2024-09-27 11:26:26.793329
ORD1720,West,Furniture,Storage,4759.23,1075.21,2024-05-07 11:26:26.793329
ORD1721,Central,Furniture,Tables,840.18,155.58,2025-05-11 11:26:26.793329
ORD1722,South,Furniture,Storage,2218.44,164.46,2025-08-20 11:26:26.793329
ORD1723,East,Office Supplies,Binders,4723.72,521.85,2024-10-07 11:26:26.793329
ORD1724,East,Office Supplies,Paper,2156.66,114.52,2025-01-21 11:26:26.793329
ORD1725,East,Office Supplies,Paper,3228.78,539.83,2024-05-08 11:26:26.793329
ORD1726,Central,Office Supplies,Binders,2048.21,256.67,2024-04-09 11:26:26.793329
ORD1727,Central,Office Supplies,Binders,1443.65,288.14,2025-01-30 11:26:26.793329
ORD1728,East,Office Supplies,Binders,4921.49,611.79,2025-11-02 11:26:26.793329
ORD1729,South,Furniture,Chairs,2105.74,263.17,2025-12-08 11:26:26.793329
ORD1730,Central,Furniture,Chairs,4481.09,1056.63,2024-07-18 11:26:26.793329
ORD1731,East,Technology,Computers,1226.78,76.1,2025-03-09 11:26:26.793329
ORD1732,East,Furniture,Chairs,1144.21,315.49,2025-01-16 11:26:26.793329
ORD1733,South,Furniture,Storage,252.56,66.44,2025-07-09 11:26:26.793329
ORD1734,West,Furniture,Tables,3293.17,714.46,2026-01-16 11:26:26.793329
ORD1735,Central,Technology,Computers,1905.78,377.93,2025-10-08 11:26:26.793329
ORD1736,South,Office Supplies,Pens,4335.36,1183.88,2025-09-18 11:26:26.793329
ORD1737,East,Office Supplies,Pens,2418.73,233.0,2025-08-18 11:26:26.793329
ORD1738,East,Technology,Accessories,4844.15,337.84,2024-08-15 11:26:26.793329
ORD1739,South,Office Supplies,Pens,1009.08,110.88,2025-08-29 11:26:26.793329
ORD1740,Central,Furniture,Tables,4356.25,1083.16,2025-07-23 11:26:26.793329
ORD1741,West,Office Supplies,Paper,3905.32,229.12,2025-01-04 11:26:26.793329
ORD1742,West,Technology,Accessories,3877.52,758.84,2024-10-14 11:26:26.793329
ORD1743,East,Technology,Computers,4239.44,1267.0,2024-07-24 11:26:26.793329
ORD1744,Central,Furniture,Storage,3829.02,1010.57,2025-03-04 11:26:26.793329
ORD1745,West,Technology,Phones,3168.48,571.47,2024-09-13 11:26:26.793329
ORD1746,Central,Technology,Computers,743.1,48.98,2025-07-13 11:26:26.793329
ORD1747,Central,Furniture,Tables,259.38,66.88,2026-01-23 11:26:26.793329
ORD1748,East,Furniture,Storage,4612.15,921.25,2024-12-19 11:26:26.793329
ORD1749,West,Technology,Accessories,3121.59,245.77,2024-10-07 11:26:26.793329
ORD1750,South,Office Supplies,Binders,4003.03,294.08,2024-04-14 11:26:26.793329
ORD1751,East,Furniture,Tables,2459.46,682.27,2025-03-11 11:26:26.793329
ORD1752,West,Technology,Phones,674.81,146.64,2025-01-27 11:26:26.793329
ORD1753,West,Furniture,Tables,713.41,183.58,2025-11-02 11:26:26.793329
ORD1754,West,Furniture,Storage,3459.27,933.12,2026-02-19 11:26:26.793329
ORD1755,West,Furniture,Storage,2208.5,426.11,2024-10-14 11:26:26.793329
ORD1756,West,Office Supplies,Pens,1082.57,194.17,2024-09-26 11:26:26.793329
ORD1757,Central,Furniture,Chairs,2508.81,395.41,2025-12-16 11:26:26.793329
ORD1758,East,Technology,Phones,414.62,53.58,2026-01-14 11:26:26.793329
ORD1759,Central,Furniture,Storage,2951.66,468.28,2025-05-20 11:26:26.793329
ORD1760,South,Furniture,Chairs,1418.07,345.26,2025-06-11 11:26:26.793329
ORD1761,West,Office Supplies,Paper,4008.04,803.54,2025-09-09 11:26:26.793329
ORD1762,East,Office Supplies,Paper,1620.77,442.68,2025-03-01 11:26:26.793329
ORD1763,West,Furniture,Tables,2330.58,374.86,2024-06-27 11:26:26.793329
ORD1764,East,Furniture,Storage,156.94,31.67,2025-05-15 11:26:26.793329
ORD1765,Central,Furniture,Tables,454.99,94.56,2026-02-14 11:26:26.793329
ORD1766,East,Furniture,Chairs,2023.22,400.44,2024-07-06 11:26:26.793329
ORD1767,South,Office Supplies,Binders,2451.7,553.25,2024-10-06 11:26:26.793329
ORD1768,South,Furniture,Chairs,3040.1,332.46,2024-08-21 11:26:26.793329
ORD1769,East,Office Supplies,Paper,1529.15,272.33,2025-08-01 11:26:26.793329
ORD1770,East,Furniture,Chairs,3505.41,266.61,2025-02-25 11:26:26.793329
ORD1771,East,Technology,Phones,4314.6,630.48,2024-12-10 11:26:26.793329
ORD1772,East,Office Supplies,Binders,3921.27,674.13,2024-04-06 11:26:26.793329
ORD1773,South,Furniture,Chairs,294.13,62.67,2024-12-23 11:26:26.793329
ORD1774,West,Technology,Phones,2454.48,705.99,2025-04-27 11:26:26.793329
ORD1775,East,Furniture,Storage,614.16,122.93,2024-11-27 11:26:26.793329
ORD1776,East,Technology,Accessories,1286.02,303.37,2025-07-01 11:26:26.793329
ORD1777,South,Furniture,Storage,4934.65,871.29,2024-12-29 11:26:26.793329
ORD1778,South,Furniture,Tables,798.23,166.45,2025-03-03 11:26:26.793329
ORD1779,Central,Technology,Computers,2544.55,172.35,2025-02-03 11:26:26.793329
ORD1780,East,Office Supplies,Pens,3128.96,355.44,2025-11-17 11:26:26.793329
ORD1781,Central,Furniture,Tables,3542.08,497.53,2025-11-07 11:26:26.793329
ORD1782,South,Office Supplies,Paper,2842.28,477.85,2024-04-11 11:26:26.793329
ORD1783,South,Office Supplies,Paper,147.88,9.08,2024-12-23 11:26:26.793329
ORD1784,West,Office Supplies,Pens,1699.66,144.48,2026-01-29 11:26:26.793329
ORD1785,East,Office Supplies,Binders,2636.79,314.31,2025-04-03 11:26:26.793329
ORD1786,Central,Technology,Accessories,530.55,155.39,2026-03-10 11:26:26.793329
ORD1787,South,Furniture,Chairs,1818.07,241.51,2024-11-27 11:26:26.793329
ORD1788,South,Technology,Computers,262.7,44.79,2024-06-02 11:26:26.793329
ORD1789,Central,Technology,Accessories,485.03,48.03,2026-02-12 11:26:26.793329
ORD1790,West,Furniture,Tables,2044.92,414.5,2024-07-30 11:26:26.793329
ORD1791,South,Office Supplies,Binders,750.31,90.17,2025-07-20 11:26:26.793329
ORD1792,East,Furniture,Chairs,2880.95,293.13,2025-02-08 11:26:26.793329
ORD1793,South,Technology,Accessories,3478.38,623.13,2024-09-10 11:26:26.793329
ORD1794,East,Furniture,Chairs,4022.87,206.68,2025-05-20 11:26:26.793329
ORD1795,Central,Furniture,Tables,1080.74,56.11,2026-03-03 11:26:26.793329
ORD1796,East,Office Supplies,Pens,920.66,96.45,2025-08-27 11:26:26.793329
ORD1797,Central,Office Supplies,Pens,612.38,36.24,2026-03-21 11:26:26.793329
ORD1798,East,Office Supplies,Binders,3218.51,247.85,2025-02-12 11:26:26.793329
ORD1799,Central,Technology,Accessories,3561.73,479.82,2026-03-07 11:26:26.793329
ORD1800,East,Office Supplies,Binders,254.77,63.86,2024-07-29 11:26:26.793329
ORD1801,West,Technology,Accessories,4687.44,904.73,2026-01-14 11:26:26.793329
ORD1802,East,Office Supplies,Binders,354.66,63.19,2025-01-27 11:26:26.793329
ORD1803,East,Furniture,Storage,2752.35,339.56,2025-04-11 11:26:26.793329
ORD1804,West,Furniture,Storage,3574.4,1011.34,2025-12-20 11:26:26.793329
ORD1805,South,Office Supplies,Pens,4367.75,651.9,2024-11-12 11:26:26.793329
ORD1806,South,Office Supplies,Paper,3599.03,258.31,2024-11-10 11:26:26.793329
ORD1807,East,Technology,Computers,4028.47,822.88,2024-08-14 11:26:26.793329
ORD1808,West,Furniture,Tables,1763.31,138.35,2025-08-02 11:26:26.793329
ORD1809,East,Technology,Computers,4092.64,557.85,2024-09-03 11:26:26.793329
ORD1810,Central,Technology,Computers,492.56,87.11,2025-07-09 11:26:26.793329
ORD1811,Central,Office Supplies,Paper,4484.6,1204.36,2025-12-11 11:26:26.793329
ORD1812,East,Technology,Computers,2783.2,482.57,2025-04-17 11:26:26.793329
ORD1813,South,Technology,Accessories,4104.76,925.89,2025-05-30 11:26:26.793329
ORD1814,South,Technology,Computers,2316.36,690.75,2026-03-19 11:26:26.793329
ORD1815,East,Furniture,Storage,3253.53,269.63,2025-10-14 11:26:26.793329
ORD1816,East,Technology,Phones,2679.37,318.0,2025-07-26 11:26:26.793329
ORD1817,Central,Furniture,Chairs,3684.79,547.72,2025-10-02 11:26:26.793329
ORD1818,South,Furniture,Tables,499.99,77.73,2026-02-09 11:26:26.793329
ORD1819,East,Furniture,Storage,395.73,60.45,2024-11-09 11:26:26.793329
ORD1820,Central,Office Supplies,Binders,1310.81,362.97,2024-12-09 11:26:26.793329
ORD1821,South,Furniture,Storage,881.77,201.49,2026-02-25 11:26:26.793329
ORD1822,West,Furniture,Storage,4371.74,882.99,2025-12-01 11:26:26.793329
ORD1823,Central,Office Supplies,Pens,1174.15,149.52,2024-06-22 11:26:26.793329
ORD1824,South,Technology,Accessories,4881.74,1249.47,2025-09-20 11:26:26.793329
ORD1825,South,Furniture,Tables,1750.79,505.57,2025-07-01 11:26:26.793329
ORD1826,Central,Technology,Accessories,992.38,253.35,2025-09-22 11:26:26.793329
ORD1827,West,Technology,Accessories,3969.52,200.03,2026-03-21 11:26:26.793329
ORD1828,Central,Furniture,Tables,3327.67,695.82,2025-04-05 11:26:26.793329
ORD1829,South,Office Supplies,Binders,2541.16,159.54,2024-06-18 11:26:26.793329
ORD1830,East,Technology,Phones,2821.28,322.76,2025-10-29 11:26:26.793329
ORD1831,East,Office Supplies,Pens,3624.09,235.14,2024-07-23 11:26:26.793329
ORD1832,Central,Furniture,Chairs,1219.43,245.04,2024-06-02 11:26:26.793329
ORD1833,South,Office Supplies,Binders,4982.04,1104.26,2025-10-12 11:26:26.793329
ORD1834,East,Furniture,Chairs,4876.49,383.4,2025-08-30 11:26:26.793329
ORD1835,South,Technology,Accessories,3286.6,479.71,2024-10-24 11:26:26.793329
ORD1836,Central,Technology,Phones,1077.76,176.82,2025-11-07 11:26:26.793329
ORD1837,East,Technology,Accessories,3433.12,488.41,2025-10-01 11:26:26.793329
ORD1838,South,Furniture,Tables,453.77,36.42,2024-08-31 11:26:26.793329
ORD1839,East,Office Supplies,Pens,250.2,38.72,2024-09-15 11:26:26.793329
ORD1840,Central,Office Supplies,Pens,1362.65,324.03,2025-03-01 11:26:26.793329
ORD1841,South,Office Supplies,Pens,2366.85,160.36,2025-09-14 11:26:26.793329
ORD1842,East,Furniture,Storage,4354.54,305.01,2025-06-26 11:26:26.793329
ORD1843,Central,Office Supplies,Pens,3663.13,508.05,2024-07-28 11:26:26.793329
ORD1844,East,Technology,Phones,3739.26,1067.3,2026-02-25 11:26:26.793329
ORD1845,East,Furniture,Tables,2184.92,474.44,2024-10-27 11:26:26.793329
ORD1846,West,Office Supplies,Binders,1795.08,394.32,2025-11-18 11:26:26.793329
ORD1847,West,Technology,Computers,1918.09,269.45,2025-08-13 11:26:26.793329
ORD1848,Central,Furniture,Chairs,4939.48,980.07,2024-07-02 11:26:26.793329
ORD1849,West,Furniture,Storage,296.54,15.58,2025-09-04 11:26:26.793329
ORD1850,Central,Office Supplies,Binders,4348.45,908.93,2025-06-30 11:26:26.793329
ORD1851,West,Furniture,Chairs,2935.51,817.02,2024-05-26 11:26:26.793329
ORD1852,East,Office Supplies,Pens,2249.22,456.91,2025-07-08 11:26:26.793329
ORD1853,Central,Furniture,Chairs,3653.76,980.76,2024-08-13 11:26:26.793329
ORD1854,Central,Office Supplies,Pens,2484.68,573.94,2025-09-07 11:26:26.793329
ORD1855,East,Furniture,Tables,4379.77,350.99,2025-05-30 11:26:26.793329
ORD1856,Central,Technology,Computers,4513.44,1243.96,2025-07-11 11:26:26.793329
ORD1857,Central,Technology,Phones,2166.43,144.31,2025-10-29 11:26:26.793329
ORD1858,West,Technology,Computers,1456.46,267.25,2024-05-29 11:26:26.793329
ORD1859,Central,Office Supplies,Binders,3002.52,256.82,2025-10-24 11:26:26.793329
ORD1860,South,Office Supplies,Pens,4570.58,241.91,2025-07-17 11:26:26.793329
ORD1861,East,Furniture,Chairs,1132.24,176.07,2026-02-17 11:26:26.793329
ORD1862,West,Furniture,Chairs,3152.54,390.16,2025-02-09 11:26:26.793329
ORD1863,West,Office Supplies,Paper,3194.65,547.88,2024-04-22 11:26:26.793329
ORD1864,South,Office Supplies,Paper,3692.25,717.4,2025-05-10 11:26:26.793329
ORD1865,East,Technology,Computers,744.68,45.38,2024-12-16 11:26:26.793329
ORD1866,East,Office Supplies,Binders,3607.54,291.31,2024-04-03 11:26:26.793329
ORD1867,West,Technology,Accessories,4554.26,863.76,2024-11-09 11:26:26.793329
ORD1868,Central,Technology,Computers,980.45,133.14,2025-11-13 11:26:26.793329
ORD1869,West,Technology,Phones,1263.96,293.61,2024-06-13 11:26:26.793329
ORD1870,East,Office Supplies,Paper,4859.84,1035.5,2024-05-16 11:26:26.793329
ORD1871,South,Technology,Computers,986.79,257.95,2025-06-07 11:26:26.793329
ORD1872,West,Furniture,Tables,4286.49,956.42,2025-03-18 11:26:26.793329
ORD1873,East,Office Supplies,Pens,2512.16,395.62,2026-03-18 11:26:26.793329
ORD1874,West,Office Supplies,Binders,1311.43,286.21,2024-06-04 11:26:26.793329
ORD1875,Central,Office Supplies,Pens,4366.67,518.96,2025-10-06 11:26:26.793329
ORD1876,West,Technology,Phones,2282.0,288.85,2024-05-31 11:26:26.793329
ORD1877,West,Furniture,Tables,2622.61,648.43,2024-06-09 11:26:26.793329
ORD1878,East,Office Supplies,Paper,1860.24,300.62,2025-07-27 11:26:26.793329
ORD1879,East,Furniture,Chairs,3005.46,750.15,2024-05-02 11:26:26.793329
ORD1880,East,Technology,Phones,901.27,230.37,2025-01-18 11:26:26.793329
ORD1881,West,Furniture,Tables,2016.3,533.09,2025-05-23 11:26:26.793329
ORD1882,Central,Technology,Computers,4850.12,1353.95,2024-10-01 11:26:26.793329
ORD1883,South,Furniture,Chairs,1364.85,215.3,2024-08-16 11:26:26.793329
ORD1884,South,Technology,Accessories,3318.01,430.4,2026-01-16 11:26:26.793329
ORD1885,East,Technology,Phones,1693.43,331.15,2026-01-21 11:26:26.793329
ORD1886,East,Furniture,Tables,3890.02,555.47,2025-06-04 11:26:26.793329
ORD1887,West,Office Supplies,Pens,741.28,148.46,2025-04-18 11:26:26.793329
ORD1888,South,Furniture,Storage,4852.12,1098.5,2025-04-26 11:26:26.793329
ORD1889,East,Office Supplies,Pens,2323.57,516.07,2025-07-03 11:26:26.793329
ORD1890,Central,Technology,Phones,1256.65,180.5,2025-04-21 11:26:26.793329
ORD1891,Central,Technology,Accessories,460.13,42.2,2025-04-19 11:26:26.793329
ORD1892,East,Furniture,Tables,931.81,146.88,2024-06-21 11:26:26.793329
ORD1893,East,Furniture,Tables,2646.89,226.7,2026-02-28 11:26:26.793329
ORD1894,South,Furniture,Tables,1751.32,477.28,2026-02-06 11:26:26.793329
ORD1895,South,Office Supplies,Binders,4161.53,567.92,2025-10-04 11:26:26.793329
ORD1896,West,Office Supplies,Binders,2211.35,195.96,2024-08-14 11:26:26.793329
ORD1897,South,Office Supplies,Pens,1318.7,74.32,2026-01-29 11:26:26.793329
ORD1898,Central,Technology,Computers,3124.01,660.59,2025-03-22 11:26:26.793329
ORD1899,Central,Furniture,Tables,3563.21,745.51,2024-07-30 11:26:26.793329
ORD1900,East,Furniture,Tables,918.51,124.14,2024-09-29 11:26:26.793329
ORD1901,South,Furniture,Storage,921.33,62.58,2025-10-02 11:26:26.793329
ORD1902,West,Technology,Accessories,279.69,42.63,2025-05-07 11:26:26.793329
ORD1903,Central,Technology,Phones,3708.37,473.95,2025-09-23 11:26:26.793329
ORD1904,Central,Technology,Phones,3352.64,735.17,2024-08-08 11:26:26.793329
ORD1905,West,Furniture,Tables,2425.69,488.64,2024-11-14 11:26:26.793329
ORD1906,West,Office Supplies,Binders,4236.44,597.97,2024-04-03 11:26:26.793329
ORD1907,Central,Office Supplies,Paper,4047.78,422.88,2024-04-23 11:26:26.793329
ORD1908,Central,Technology,Computers,2968.24,881.59,2025-01-30 11:26:26.793329
ORD1909,West,Office Supplies,Binders,4354.53,711.97,2025-07-18 11:26:26.793329
ORD1910,Central,Furniture,Tables,1108.62,246.19,2026-02-18 11:26:26.793329
ORD1911,East,Furniture,Chairs,648.41,55.2,2025-10-09 11:26:26.793329
ORD1912,East,Office Supplies,Pens,1421.77,243.69,2025-06-08 11:26:26.793329
ORD1913,West,Furniture,Storage,379.73,21.6,2025-09-26 11:26:26.793329
ORD1914,South,Office Supplies,Paper,2702.73,476.66,2025-04-23 11:26:26.793329
ORD1915,West,Technology,Computers,4689.37,1364.63,2024-11-21 11:26:26.793329
ORD1916,West,Office Supplies,Pens,292.78,42.76,2024-12-09 11:26:26.793329
ORD1917,South,Furniture,Chairs,698.34,41.73,2025-07-15 11:26:26.793329
ORD1918,South,Furniture,Chairs,2315.78,133.71,2025-03-20 11:26:26.793329
ORD1919,South,Technology,Phones,4675.99,687.36,2024-09-05 11:26:26.793329
ORD1920,East,Furniture,Storage,1649.16,148.43,2025-01-07 11:26:26.793329
ORD1921,Central,Furniture,Storage,2585.45,144.37,2024-10-10 11:26:26.793329
ORD1922,East,Furniture,Chairs,303.71,72.6,2024-07-24 11:26:26.793329
ORD1923,Central,Office Supplies,Binders,826.88,136.13,2024-05-02 11:26:26.793329
ORD1924,East,Technology,Accessories,4934.49,603.54,2026-02-05 11:26:26.793329
ORD1925,Central,Office Supplies,Binders,4829.08,1328.1,2025-06-03 11:26:26.793329
ORD1926,East,Office Supplies,Pens,124.21,9.82,2025-12-20 11:26:26.793329
ORD1927,South,Office Supplies,Pens,4763.88,1376.66,2024-04-16 11:26:26.793329
ORD1928,West,Office Supplies,Binders,3231.69,415.25,2024-12-02 11:26:26.793329
ORD1929,East,Office Supplies,Binders,4352.8,1184.4,2024-10-28 11:26:26.793329
ORD1930,Central,Furniture,Tables,2328.23,467.36,2024-06-07 11:26:26.793329
ORD1931,South,Furniture,Tables,2626.42,674.14,2024-07-12 11:26:26.793329
ORD1932,East,Technology,Accessories,2495.35,738.63,2025-11-29 11:26:26.793329
ORD1933,East,Technology,Computers,3367.63,411.19,2024-05-04 11:26:26.793329
ORD1934,South,Office Supplies,Paper,784.29,227.67,2025-07-01 11:26:26.793329
ORD1935,East,Technology,Accessories,246.87,36.38,2025-12-03 11:26:26.793329
ORD1936,West,Furniture,Tables,1608.86,235.5,2026-02-17 11:26:26.793329
ORD1937,East,Technology,Computers,3552.94,479.99,2026-03-21 11:26:26.793329
ORD1938,West,Furniture,Chairs,1089.08,201.86,2024-05-19 11:26:26.793329
ORD1939,West,Technology,Computers,3399.82,301.01,2024-12-06 11:26:26.793329
ORD1940,South,Furniture,Storage,4852.57,914.36,2024-05-15 11:26:26.793329
ORD1941,East,Furniture,Storage,560.11,103.86,2025-05-16 11:26:26.793329
ORD1942,South,Office Supplies,Pens,3395.75,816.59,2025-06-23 11:26:26.793329
ORD1943,East,Technology,Computers,2274.38,587.73,2024-11-25 11:26:26.793329
ORD1944,East,Office Supplies,Pens,4353.9,697.1,2025-10-04 11:26:26.793329
ORD1945,Central,Office Supplies,Paper,968.03,121.57,2024-11-08 11:26:26.793329
ORD1946,East,Technology,Accessories,3493.87,401.21,2024-05-27 11:26:26.793329
ORD1947,South,Office Supplies,Paper,4206.76,415.02,2024-08-21 11:26:26.793329
ORD1948,West,Technology,Accessories,4728.61,304.58,2025-08-28 11:26:26.793329
ORD1949,East,Technology,Accessories,3447.92,467.58,2025-01-21 11:26:26.793329
ORD1950,Central,Furniture,Chairs,2536.16,298.16,2024-11-25 11:26:26.793329
ORD1951,South,Technology,Phones,3127.45,911.98,2025-11-10 11:26:26.793329
ORD1952,East,Technology,Accessories,4357.63,825.45,2025-02-20 11:26:26.793329
ORD1953,South,Furniture,Storage,2895.99,396.23,2025-11-12 11:26:26.793329
ORD1954,Central,Office Supplies,Paper,248.9,48.56,2025-12-03 11:26:26.793329
ORD1955,Central,Furniture,Chairs,4661.65,395.3,2026-02-17 11:26:26.793329
ORD1956,South,Office Supplies,Binders,3478.68,560.11,2025-02-22 11:26:26.793329
ORD1957,East,Technology,Accessories,3414.92,705.38,2024-11-28 11:26:26.793329
ORD1958,West,Office Supplies,Pens,1156.81,199.23,2025-02-03 11:26:26.793329
ORD1959,Central,Furniture,Tables,3328.54,500.76,2024-08-24 11:26:26.793329
ORD1960,East,Technology,Computers,2029.94,605.86,2026-02-05 11:26:26.793329
ORD1961,East,Technology,Computers,3291.04,888.84,2025-09-15 11:26:26.793329
ORD1962,West,Technology,Accessories,622.31,128.1,2024-11-12 11:26:26.793329
ORD1963,Central,Office Supplies,Paper,3323.44,639.24,2025-05-28 11:26:26.793329
ORD1964,Central,Office Supplies,Pens,4997.13,1025.24,2025-02-01 11:26:26.793329
ORD1965,East,Technology,Phones,336.24,33.73,2025-01-06 11:26:26.793329
ORD1966,East,Technology,Phones,4888.15,727.28,2024-06-01 11:26:26.793329
ORD1967,West,Office Supplies,Pens,2093.85,125.35,2025-10-22 11:26:26.793329
ORD1968,West,Technology,Computers,4366.69,737.48,2025-11-26 11:26:26.793329
ORD1969,Central,Technology,Accessories,3933.69,730.71,2024-09-26 11:26:26.793329
ORD1970,South,Office Supplies,Pens,2878.38,307.81,2026-01-01 11:26:26.793329
ORD1971,Central,Furniture,Tables,3718.4,1082.08,2026-02-24 11:26:26.793329
ORD1972,East,Furniture,Storage,4404.73,1221.71,2025-06-11 11:26:26.793329
ORD1973,Central,Office Supplies,Paper,2080.29,479.58,2025-10-21 11:26:26.793329
ORD1974,South,Technology,Computers,1702.46,312.14,2025-08-20 11:26:26.793329
ORD1975,West,Office Supplies,Pens,3371.21,901.77,2024-05-18 11:26:26.793329
ORD1976,South,Office Supplies,Binders,4058.45,335.48,2025-03-18 11:26:26.793329
ORD1977,South,Furniture,Storage,3835.2,949.7,2026-01-18 11:26:26.793329
ORD1978,South,Office Supplies,Paper,4009.29,325.58,2026-02-16 11:26:26.793329
ORD1979,West,Technology,Accessories,2234.36,555.36,2025-04-25 11:26:26.793329
ORD1980,South,Technology,Accessories,4107.39,488.54,2025-09-19 11:26:26.793329
ORD1981,South,Technology,Phones,689.02,185.53,2025-02-20 11:26:26.793329
ORD1982,South,Office Supplies,Pens,2768.0,791.68,2026-03-14 11:26:26.793329
ORD1983,East,Office Supplies,Pens,128.22,11.18,2025-05-31 11:26:26.793329
ORD1984,South,Office Supplies,Paper,1690.47,280.06,2025-05-23 11:26:26.793329
ORD1985,West,Office Supplies,Pens,1895.66,559.69,2024-08-30 11:26:26.793329
ORD1986,South,Technology,Accessories,2041.25,348.75,2025-02-01 11:26:26.793329
ORD1987,South,Technology,Phones,3507.79,932.68,2025-04-20 11:26:26.793329
ORD1988,West,Technology,Computers,2003.93,395.14,2024-10-05 11:26:26.793329
ORD1989,South,Furniture,Chairs,2298.6,330.61,2025-10-02 11:26:26.793329
ORD1990,West,Technology,Computers,1263.97,153.5,2025-07-28 11:26:26.793329
ORD1991,South,Furniture,Chairs,1928.93,194.45,2024-12-02 11:26:26.793329
ORD1992,West,Furniture,Chairs,1213.62,291.81,2024-11-16 11:26:26.793329
ORD1993,South,Furniture,Tables,458.66,67.26,2025-02-01 11:26:26.793329
ORD1994,South,Furniture,Storage,3056.9,543.57,2026-03-25 11:26:26.793329
ORD1995,East,Office Supplies,Pens,3374.24,584.02,2024-08-25 11:26:26.793329
ORD1996,East,Office Supplies,Paper,3135.5,609.29,2025-07-18 11:26:26.793329
ORD1997,South,Office Supplies,Binders,2371.12,631.65,2024-05-29 11:26:26.793329
ORD1998,South,Office Supplies,Paper,1960.95,578.84,2025-10-27 11:26:26.793329
ORD1999,Central,Office Supplies,Binders,4330.33,657.76,2025-05-27 11:26:26.793329
